province_code,province_name,city,site_name,latitude,longitude,medium,contamination_type,contamination_group,site_count,cost_min_cad_per_tonne,cost_max_cad_per_tonne,cost_mid_cad_per_tonne,city_adjusted_mid_cad_per_tonne
BC,British Columbia,Vancouver,555 - Squamish - 00009 - KITSILANO NO. 6 - 0901112102,49.273892,-123.143086,Groundwater,"Metal, metalloid, and organometallic",Unknown,1,,,,
BC,British Columbia,Vancouver,555 - Squamish - 00009 - KITSILANO NO. 6 - 0901112102,49.273892,-123.143086,Groundwater,PAHs (polycyclic aromatic hydrocarbon),Oil/Petroleum (PHCs),1,180,280,230,300
BC,British Columbia,Vancouver,555 - Squamish - 00009 - KITSILANO NO. 6 - 0901112102,49.273892,-123.143086,Soil,"BTEXs (benzene, toluene, ethylbenzene, and xylene)",Oil/Petroleum (PHCs),1,180,280,230,300
BC,British Columbia,Vancouver,555 - Squamish - 00009 - KITSILANO NO. 6 - 0901112102,49.273892,-123.143086,Soil,"Metal, metalloid, and organometallic",Unknown,1,,,,
BC,British Columbia,Vancouver,555 - Squamish - 00009 - KITSILANO NO. 6 - 0901112102,49.273892,-123.143086,Soil,PAHs (polycyclic aromatic hydrocarbon),Oil/Petroleum (PHCs),1,180,280,230,300
BC,British Columbia,Vancouver,555 - Squamish - 00009 - KITSILANO NO. 6 - 0901112102,49.273892,-123.143086,Soil,PCBs (Polychlorinated Biphenyl) and PCDD/Fs (polychlorinated dibenzo-p-dioxin/dibenzofuran),Unknown,1,,,,
BC,British Columbia,Vancouver,555 - Squamish - 00009 - KITSILANO NO. 6 - 0901112102,49.273892,-123.143086,Soil,PHCs (petroleum hydrocarbons),Oil/Petroleum (PHCs),1,180,280,230,300
BC,British Columbia,Vancouver,Bessborough Armoury,49.262500,-123.151000,Soil,Halogenated Hydrocarbon,Industrial Acids/Solvents,1,450,900,675,745
BC,British Columbia,Vancouver,Bessborough Armoury,49.262500,-123.151000,Soil,"Metal, metalloid, and organometallic",Unknown,1,,,,
BC,British Columbia,Vancouver,Fairmont Complex,49.239470,-123.122000,Soil,"Metal, metalloid, and organometallic",Unknown,1,,,,
BC,British Columbia,Vancouver,Fairmont Complex,49.239470,-123.122000,Soil,PAHs (polycyclic aromatic hydrocarbon),Oil/Petroleum (PHCs),1,180,280,230,300
BC,British Columbia,Vancouver,Fairmont Complex,49.239470,-123.122000,Soil,PHCs (petroleum hydrocarbons),Oil/Petroleum (PHCs),1,180,280,230,300
BC,British Columbia,Vancouver,Former POL Storage Site at HMCS Discovery,49.296900,-123.123000,Soil,"BTEXs (benzene, toluene, ethylbenzene, and xylene)",Oil/Petroleum (PHCs),1,180,280,230,300
BC,British Columbia,Vancouver,Former POL Storage Site at HMCS Discovery,49.296900,-123.123000,Soil,"Metal, metalloid, and organometallic",Unknown,1,,,,
BC,British Columbia,Vancouver,Former POL Storage Site at HMCS Discovery,49.296900,-123.123000,Soil,PAHs (polycyclic aromatic hydrocarbon),Oil/Petroleum (PHCs),1,180,280,230,300
BC,British Columbia,Vancouver,Former POL Storage Site at HMCS Discovery,49.296900,-123.123000,Soil,PHCs (petroleum hydrocarbons),Oil/Petroleum (PHCs),1,180,280,230,300
BC,British Columbia,Vancouver,Harry Stevens Office Building,49.262260,-123.102240,Soil,PAHs (polycyclic aromatic hydrocarbon),Oil/Petroleum (PHCs),1,180,280,230,300
BC,British Columbia,Vancouver,Harry Stevens Office Building,49.262260,-123.102240,Soil,PHCs (petroleum hydrocarbons),Oil/Petroleum (PHCs),1,180,280,230,300
BC,British Columbia,Vancouver,Jericho Beach,49.267100,-123.191000,Soil,PHCs (petroleum hydrocarbons),Oil/Petroleum (PHCs),1,180,280,230,300
BC,British Columbia,Vancouver,Kitsilano Coast Guard Station,49.276252,-123.138445,Sediment,"Metal, metalloid, and organometallic",Unknown,1,,,,
BC,British Columbia,Vancouver,Kitsilano Coast Guard Station,49.276252,-123.138445,Sediment,PAHs (polycyclic aromatic hydrocarbon),Oil/Petroleum (PHCs),1,180,280,230,300
BC,British Columbia,Vancouver,Seaforth Armoury,49.271100,-123.144000,Soil,"Metal, metalloid, and organometallic",Unknown,1,,,,
BC,British Columbia,Vancouver,Standards Building,49.265167,-123.026964,Groundwater,PAHs (polycyclic aromatic hydrocarbon),Oil/Petroleum (PHCs),1,180,280,230,300
BC,British Columbia,Vancouver,Standards Building,49.265167,-123.026964,Groundwater,PHCs (petroleum hydrocarbons),Oil/Petroleum (PHCs),1,180,280,230,300
BC,British Columbia,Vancouver,Standards Building,49.265167,-123.026964,Soil,PAHs (polycyclic aromatic hydrocarbon),Oil/Petroleum (PHCs),1,180,280,230,300
BC,British Columbia,Vancouver,Standards Building,49.265167,-123.026964,Soil,PHCs (petroleum hydrocarbons),Oil/Petroleum (PHCs),1,180,280,230,300
BC,British Columbia,Vancouver,VANCOUVER (FALSE CREEK),49.272828,-123.138939,Other medium,"Metal, metalloid, and organometallic",Unknown,1,,,,
BC,British Columbia,Vancouver,VANCOUVER (FALSE CREEK),49.272828,-123.138939,Sediment,"Metal, metalloid, and organometallic",Unknown,1,,,,
BC,British Columbia,Vancouver,Vanier Park,49.276368,-123.142586,Groundwater,"BTEXs (benzene, toluene, ethylbenzene, and xylene)",Oil/Petroleum (PHCs),1,180,280,230,300
BC,British Columbia,Vancouver,Vanier Park,49.276368,-123.142586,Groundwater,"Metal, metalloid, and organometallic",Unknown,1,,,,
BC,British Columbia,Vancouver,Vanier Park,49.276368,-123.142586,Groundwater,PAHs (polycyclic aromatic hydrocarbon),Oil/Petroleum (PHCs),1,180,280,230,300
BC,British Columbia,Vancouver,Vanier Park,49.276368,-123.142586,Groundwater,PHCs (petroleum hydrocarbons),Oil/Petroleum (PHCs),1,180,280,230,300
BC,British Columbia,Vancouver,Vanier Park,49.276368,-123.142586,Soil,"BTEXs (benzene, toluene, ethylbenzene, and xylene)",Oil/Petroleum (PHCs),1,180,280,230,300
BC,British Columbia,Vancouver,Vanier Park,49.276368,-123.142586,Soil,"Metal, metalloid, and organometallic",Unknown,1,,,,
BC,British Columbia,Vancouver,Vanier Park,49.276368,-123.142586,Soil,PAHs (polycyclic aromatic hydrocarbon),Oil/Petroleum (PHCs),1,180,280,230,300
BC,British Columbia,Vancouver,Vanier Park,49.276368,-123.142586,Soil,PHCs (petroleum hydrocarbons),Oil/Petroleum (PHCs),1,180,280,230,300
BC,British Columbia,Vancouver,Vanier Park,49.276368,-123.142586,Surface soil,"BTEXs (benzene, toluene, ethylbenzene, and xylene)",Oil/Petroleum (PHCs),1,180,280,230,300
BC,British Columbia,Vancouver,Vanier Park,49.276368,-123.142586,Surface soil,"Metal, metalloid, and organometallic",Unknown,1,,,,
BC,British Columbia,Vancouver,Vanier Park,49.276368,-123.142586,Surface soil,PAHs (polycyclic aromatic hydrocarbon),Oil/Petroleum (PHCs),1,180,280,230,300
BC,British Columbia,Vancouver,Vanier Park,49.276368,-123.142586,Surface soil,PHCs (petroleum hydrocarbons),Oil/Petroleum (PHCs),1,180,280,230,300
BC,British Columbia,Vancouver,Workshop NE Corner of Building 21 at HMCS Discovery,49.296900,-123.123000,Soil,"Metal, metalloid, and organometallic",Unknown,1,,,,
BC,British Columbia,Vancouver,Workshop NE Corner of Building 21 at HMCS Discovery,49.296900,-123.123000,Soil,PAHs (polycyclic aromatic hydrocarbon),Oil/Petroleum (PHCs),1,180,280,230,300
ON,Ontario,Toronto,Arthur Meighen Building,43.688074,-79.391774,Groundwater,"Metal, metalloid, and organometallic",Unknown,1,,,,
ON,Ontario,Toronto,Auto Hobby Club Former DeHavilland Plant Area (Downsview),Unknown,Unknown,Groundwater,"Metal, metalloid, and organometallic",Unknown,1,,,,
ON,Ontario,Toronto,Auto Hobby Club Former DeHavilland Plant Area (Downsview),Unknown,Unknown,Groundwater,PHCs (petroleum hydrocarbons),Oil/Petroleum (PHCs),1,180,280,230,238.63
ON,Ontario,Toronto,Auto Hobby Club Former DeHavilland Plant Area (Downsview),Unknown,Unknown,Soil,"Metal, metalloid, and organometallic",Unknown,1,,,,
ON,Ontario,Toronto,Auto Hobby Club Former DeHavilland Plant Area (Downsview),Unknown,Unknown,Soil,PHCs (petroleum hydrocarbons),Oil/Petroleum (PHCs),1,180,280,230,238.63
ON,Ontario,Toronto,Auto Hobby Club Former DeHavilland Plant Area (Downsview),Unknown,Unknown,Surface water,"Metal, metalloid, and organometallic",Unknown,1,,,,
ON,Ontario,Toronto,Auto Hobby Club Former DeHavilland Plant Area (Downsview),Unknown,Unknown,Surface water,PHCs (petroleum hydrocarbons),Oil/Petroleum (PHCs),1,180,280,230,238.63
ON,Ontario,Toronto,Building 100 (Downsview),Unknown,Unknown,Soil,PHCs (petroleum hydrocarbons),Oil/Petroleum (PHCs),1,180,280,230,238.63
ON,Ontario,Toronto,Building 103 (Downsview),Unknown,Unknown,Soil,PHCs (petroleum hydrocarbons),Oil/Petroleum (PHCs),1,180,280,230,238.63
ON,Ontario,Toronto,CFRC (Yonge Street),43.763300,-79.411900,Soil,PHCs (petroleum hydrocarbons),Oil/Petroleum (PHCs),1,180,280,230,238.63
ON,Ontario,Toronto,CN Tower (301 Front Street),43.642600,-79.387100,Soil,PHCs (petroleum hydrocarbons),Oil/Petroleum (PHCs),1,180,280,230,238.63
ON,Ontario,Toronto,Canadian Forces Staff College,43.742800,-79.413100,Groundwater,PHCs (petroleum hydrocarbons),Oil/Petroleum (PHCs),1,180,280,230,238.63
ON,Ontario,Toronto,Canadian Forces Staff College,43.742800,-79.413100,Soil,PHCs (petroleum hydrocarbons),Oil/Petroleum (PHCs),1,180,280,230,238.63
ON,Ontario,Toronto,Central Heating Plant (Downsview),Unknown,Unknown,Groundwater,"Metal, metalloid, and organometallic",Unknown,1,,,,
ON,Ontario,Toronto,Central Heating Plant (Downsview),Unknown,Unknown,Groundwater,PHCs (petroleum hydrocarbons),Oil/Petroleum (PHCs),1,180,280,230,238.63
ON,Ontario,Toronto,Central Heating Plant (Downsview),Unknown,Unknown,Soil,"Metal, metalloid, and organometallic",Unknown,1,,,,
ON,Ontario,Toronto,Central Heating Plant (Downsview),Unknown,Unknown,Soil,PHCs (petroleum hydrocarbons),Oil/Petroleum (PHCs),1,180,280,230,238.63
ON,Ontario,Toronto,Construction Engineering Section (Downsview),Unknown,Unknown,Soil,PHCs (petroleum hydrocarbons),Oil/Petroleum (PHCs),1,180,280,230,238.63
ON,Ontario,Toronto,Denison Armoury,Unknown,Unknown,Groundwater,"BTEXs (benzene, toluene, ethylbenzene, and xylene)",Oil/Petroleum (PHCs),1,180,280,230,238.63
ON,Ontario,Toronto,Denison Armoury,Unknown,Unknown,Groundwater,"Metal, metalloid, and organometallic",Unknown,1,,,,
ON,Ontario,Toronto,Denison Armoury,Unknown,Unknown,Groundwater,Other organics,Unknown,1,,,,
ON,Ontario,Toronto,Denison Armoury,Unknown,Unknown,Groundwater,PAHs (polycyclic aromatic hydrocarbon),Oil/Petroleum (PHCs),1,180,280,230,238.63
ON,Ontario,Toronto,Denison Armoury,Unknown,Unknown,Groundwater,PCBs (Polychlorinated Biphenyl) and PCDD/Fs (polychlorinated dibenzo-p-dioxin/dibenzofuran),Unknown,1,,,,
ON,Ontario,Toronto,Denison Armoury,Unknown,Unknown,Groundwater,PHCs (petroleum hydrocarbons),Oil/Petroleum (PHCs),1,180,280,230,238.63
ON,Ontario,Toronto,Denison Armoury,Unknown,Unknown,Soil,"BTEXs (benzene, toluene, ethylbenzene, and xylene)",Oil/Petroleum (PHCs),1,180,280,230,238.63
ON,Ontario,Toronto,Denison Armoury,Unknown,Unknown,Soil,"Metal, metalloid, and organometallic",Unknown,1,,,,
ON,Ontario,Toronto,Denison Armoury,Unknown,Unknown,Soil,Other organics,Unknown,1,,,,
ON,Ontario,Toronto,Denison Armoury,Unknown,Unknown,Soil,PAHs (polycyclic aromatic hydrocarbon),Oil/Petroleum (PHCs),1,180,280,230,238.63
ON,Ontario,Toronto,Denison Armoury,Unknown,Unknown,Soil,PCBs (Polychlorinated Biphenyl) and PCDD/Fs (polychlorinated dibenzo-p-dioxin/dibenzofuran),Unknown,1,,,,
ON,Ontario,Toronto,Denison Armoury,Unknown,Unknown,Soil,PHCs (petroleum hydrocarbons),Oil/Petroleum (PHCs),1,180,280,230,238.63
ON,Ontario,Toronto,Don River at York Mills,43.740250,-79.403139,Surface soil,"Metal, metalloid, and organometallic",Unknown,1,,,,
ON,Ontario,Toronto,Downsview Closure,Unknown,Unknown,Soil,"Metal, metalloid, and organometallic",Unknown,1,,,,
ON,Ontario,Toronto,Downsview Closure,Unknown,Unknown,Soil,"Other Physical/Chemical (pH, temperature, dissolved solids, turbidity, etc.)",Unknown,1,,,,
ON,Ontario,Toronto,Downsview Closure,Unknown,Unknown,Soil,PHCs (petroleum hydrocarbons),Oil/Petroleum (PHCs),1,180,280,230,238.63
ON,Ontario,Toronto,Etobicoke Armoury,43.604200,-79.501900,Groundwater,"Metal, metalloid, and organometallic",Unknown,1,,,,
ON,Ontario,Toronto,Etobicoke Armoury,43.604200,-79.501900,Groundwater,Other organics,Unknown,1,,,,
ON,Ontario,Toronto,Etobicoke Armoury,43.604200,-79.501900,Groundwater,PHCs (petroleum hydrocarbons),Oil/Petroleum (PHCs),1,180,280,230,238.63
ON,Ontario,Toronto,Etobicoke Armoury,43.604200,-79.501900,Soil,"Metal, metalloid, and organometallic",Unknown,1,,,,
ON,Ontario,Toronto,Etobicoke Armoury,43.604200,-79.501900,Soil,Other organics,Unknown,1,,,,
ON,Ontario,Toronto,Etobicoke Armoury,43.604200,-79.501900,Soil,PAHs (polycyclic aromatic hydrocarbon),Oil/Petroleum (PHCs),1,180,280,230,238.63
ON,Ontario,Toronto,Etobicoke Armoury,43.604200,-79.501900,Soil,PHCs (petroleum hydrocarbons),Oil/Petroleum (PHCs),1,180,280,230,238.63
ON,Ontario,Toronto,Fire Fighting Training Area (Downsview),Unknown,Unknown,Soil,PHCs (petroleum hydrocarbons),Oil/Petroleum (PHCs),1,180,280,230,238.63
ON,Ontario,Toronto,Former Building 115 (Downsview),Unknown,Unknown,Soil,Other inorganics,Unknown,1,,,,
ON,Ontario,Toronto,Former Bunker 'C' DeHavilland Plant Area (Downsview),Unknown,Unknown,Soil,Other inorganics,Unknown,1,,,,
ON,Ontario,Toronto,Former No.1 Canadian Forces Supply Depot (Downsview),Unknown,Unknown,Soil,Other inorganics,Unknown,1,,,,
ON,Ontario,Toronto,Former POL Compound Building 107 (Downsview),Unknown,Unknown,Groundwater,Other organics,Unknown,1,,,,
ON,Ontario,Toronto,Former POL Compound Building 107 (Downsview),Unknown,Unknown,Soil,"BTEXs (benzene, toluene, ethylbenzene, and xylene)",Oil/Petroleum (PHCs),1,180,280,230,238.63
ON,Ontario,Toronto,Former POL Compound Building 107 (Downsview),Unknown,Unknown,Soil,PAHs (polycyclic aromatic hydrocarbon),Oil/Petroleum (PHCs),1,180,280,230,238.63
ON,Ontario,Toronto,Former POL Compound Building 107 (Downsview),Unknown,Unknown,Soil,PHCs (petroleum hydrocarbons),Oil/Petroleum (PHCs),1,180,280,230,238.63
ON,Ontario,Toronto,Former Sewage Treatment Plant (Downsview),Unknown,Unknown,Soil,"Metal, metalloid, and organometallic",Unknown,1,,,,
ON,Ontario,Toronto,Former Sewage Treatment Plant (Downsview),Unknown,Unknown,Soil,PHCs (petroleum hydrocarbons),Oil/Petroleum (PHCs),1,180,280,230,238.63
ON,Ontario,Toronto,Former USTs Building 107 (Downsview),Unknown,Unknown,Soil,"BTEXs (benzene, toluene, ethylbenzene, and xylene)",Oil/Petroleum (PHCs),1,180,280,230,238.63
ON,Ontario,Toronto,Former USTs Building 107 (Downsview),Unknown,Unknown,Soil,PHCs (petroleum hydrocarbons),Oil/Petroleum (PHCs),1,180,280,230,238.63
ON,Ontario,Toronto,Former building 102 (Downsview),Unknown,Unknown,Soil,Other inorganics,Unknown,1,,,,
ON,Ontario,Toronto,Former building 131 (Downsview),Unknown,Unknown,Soil,PHCs (petroleum hydrocarbons),Oil/Petroleum (PHCs),1,180,280,230,238.63
ON,Ontario,Toronto,Fort York //,43.636900,-79.407800,Groundwater,"BTEXs (benzene, toluene, ethylbenzene, and xylene)",Oil/Petroleum (PHCs),1,180,280,230,238.63
ON,Ontario,Toronto,Fort York //,43.636900,-79.407800,Groundwater,Other organics,Unknown,1,,,,
ON,Ontario,Toronto,Fort York //,43.636900,-79.407800,Groundwater,PAHs (polycyclic aromatic hydrocarbon),Oil/Petroleum (PHCs),1,180,280,230,238.63
ON,Ontario,Toronto,Fort York //,43.636900,-79.407800,Groundwater,PHCs (petroleum hydrocarbons),Oil/Petroleum (PHCs),1,180,280,230,238.63
ON,Ontario,Toronto,Fort York //,43.636900,-79.407800,Soil,"BTEXs (benzene, toluene, ethylbenzene, and xylene)",Oil/Petroleum (PHCs),1,180,280,230,238.63
ON,Ontario,Toronto,Fort York //,43.636900,-79.407800,Soil,"Metal, metalloid, and organometallic",Unknown,1,,,,
ON,Ontario,Toronto,Fort York //,43.636900,-79.407800,Soil,PAHs (polycyclic aromatic hydrocarbon),Oil/Petroleum (PHCs),1,180,280,230,238.63
ON,Ontario,Toronto,Gravel Parking Lot Construction Eng. Section (Downsview),Unknown,Unknown,Soil,Other inorganics,Unknown,1,,,,
ON,Ontario,Toronto,HMCS York,43.633900,-79.401900,Groundwater,"Metal, metalloid, and organometallic",Unknown,1,,,,
ON,Ontario,Toronto,HMCS York,43.633900,-79.401900,Groundwater,Other organics,Unknown,1,,,,
ON,Ontario,Toronto,HMCS York,43.633900,-79.401900,Groundwater,PHCs (petroleum hydrocarbons),Oil/Petroleum (PHCs),1,180,280,230,238.63
ON,Ontario,Toronto,HMCS York,43.633900,-79.401900,Soil,"Metal, metalloid, and organometallic",Unknown,1,,,,
ON,Ontario,Toronto,HMCS York,43.633900,-79.401900,Soil,PAHs (polycyclic aromatic hydrocarbon),Oil/Petroleum (PHCs),1,180,280,230,238.63
ON,Ontario,Toronto,Health Canada Laboratory,43.776653,-79.272697,Soil,PAHs (polycyclic aromatic hydrocarbon),Oil/Petroleum (PHCs),1,180,280,230,238.63
ON,Ontario,Toronto,Health Canada Laboratory,43.776653,-79.272697,Soil,PHCs (petroleum hydrocarbons),Oil/Petroleum (PHCs),1,180,280,230,238.63
ON,Ontario,Toronto,Little Rouge Creek at Scarborough,43.813889,-79.156944,Sediment,"Metal, metalloid, and organometallic",Unknown,1,,,,
ON,Ontario,Toronto,Little Rouge Creek at Scarborough,43.813889,-79.156944,Surface soil,"Metal, metalloid, and organometallic",Unknown,1,,,,
ON,Ontario,Toronto,Moss Park Armoury,43.654700,-79.373100,Groundwater,"Metal, metalloid, and organometallic",Unknown,1,,,,
ON,Ontario,Toronto,Moss Park Armoury,43.654700,-79.373100,Groundwater,PAHs (polycyclic aromatic hydrocarbon),Oil/Petroleum (PHCs),1,180,280,230,238.63
ON,Ontario,Toronto,Moss Park Armoury,43.654700,-79.373100,Soil,"Metal, metalloid, and organometallic",Unknown,1,,,,
ON,Ontario,Toronto,Passmore,43.832900,-79.238300,Not Available,Isotopes,Unknown,1,,,,
ON,Ontario,Toronto,Plant 1 Former DeHavilland Plant Area (Downsview),Unknown,Unknown,Soil,PHCs (petroleum hydrocarbons),Oil/Petroleum (PHCs),1,180,280,230,238.63
ON,Ontario,Toronto,Plant 2 Former DeHavilland Plant Area (Downsview),Unknown,Unknown,Soil,"Metal, metalloid, and organometallic",Unknown,1,,,,
ON,Ontario,Toronto,Plant 3 Former DeHavilland Plant Area (Downsview),Unknown,Unknown,Soil,"Metal, metalloid, and organometallic",Unknown,1,,,,
ON,Ontario,Toronto,Plant 3 Former DeHavilland Plant Area (Downsview),Unknown,Unknown,Soil,PHCs (petroleum hydrocarbons),Oil/Petroleum (PHCs),1,180,280,230,238.63
ON,Ontario,Toronto,Portland Slip,43.635800,-79.395500,Sediment,"Metal, metalloid, and organometallic",Unknown,1,,,,
ON,Ontario,Toronto,Portland Slip,43.635800,-79.395500,Sediment,PAHs (polycyclic aromatic hydrocarbon),Oil/Petroleum (PHCs),1,180,280,230,238.63
ON,Ontario,Toronto,Portland Slip,43.635800,-79.395500,Sediment,PHCs (petroleum hydrocarbons),Oil/Petroleum (PHCs),1,180,280,230,238.63
ON,Ontario,Toronto,Portland Slip,43.635800,-79.395500,Sediment,Pesticides,Unknown,1,,,,
ON,Ontario,Toronto,RCSU Warehouse,43.781512,-79.492002,Soil,PHCs (petroleum hydrocarbons),Oil/Petroleum (PHCs),1,180,280,230,238.63
ON,Ontario,Toronto,Rouge River at Scarborough,43.811111,-79.159722,Surface soil,"Metal, metalloid, and organometallic",Unknown,1,,,,
ON,Ontario,Toronto,Scarborough Armoury,43.787200,-79.242500,Soil,PHCs (petroleum hydrocarbons),Oil/Petroleum (PHCs),1,180,280,230,238.63
ON,Ontario,Toronto,Spadina Quay Marina,43.636100,-79.393400,Sediment,PAHs (polycyclic aromatic hydrocarbon),Oil/Petroleum (PHCs),1,180,280,230,238.63
ON,Ontario,Toronto,Spadina Quay Marina,43.636100,-79.393400,Sediment,PHCs (petroleum hydrocarbons),Oil/Petroleum (PHCs),1,180,280,230,238.63
ON,Ontario,Toronto,Spadina Quay Marina,43.636100,-79.393400,Sediment,Pesticides,Unknown,1,,,,
ON,Ontario,Toronto,Spadina Slip,43.637300,-79.391500,Sediment,PAHs (polycyclic aromatic hydrocarbon),Oil/Petroleum (PHCs),1,180,280,230,238.63
ON,Ontario,Toronto,Spadina Slip,43.637300,-79.391500,Sediment,PHCs (petroleum hydrocarbons),Oil/Petroleum (PHCs),1,180,280,230,238.63
ON,Ontario,Toronto,Spadina Slip,43.637300,-79.391500,Sediment,Pesticides,Unknown,1,,,,
ON,Ontario,Toronto,TMFRC,Unknown,Unknown,Soil,"Metal, metalloid, and organometallic",Unknown,1,,,,
ON,Ontario,Toronto,TMFRC,Unknown,Unknown,Soil,Other organics,Unknown,1,,,,
ON,Ontario,Toronto,TMFRC,Unknown,Unknown,Soil,PHCs (petroleum hydrocarbons),Oil/Petroleum (PHCs),1,180,280,230,238.63
ON,Ontario,Toronto,"TORONTO (BLUFFERS PARK) (Sediment, SW Corner of Property)",43.709165,-79.228343,Sediment,"Metal, metalloid, and organometallic",Unknown,1,,,,
ON,Ontario,Toronto,"TORONTO (BLUFFERS PARK) (Soil,Eastern Tip of West breakwater)",43.708028,-79.232611,Soil,"Metal, metalloid, and organometallic",Unknown,1,,,,
ON,Ontario,Toronto,"TORONTO (BLUFFERS PARK) (Soil,Eastern Tip of West breakwater)",43.708028,-79.232611,Soil,"Other Physical/Chemical (pH, temperature, dissolved solids, turbidity, etc.)",Unknown,1,,,,
ON,Ontario,Toronto,Toronto Main Harbour Channel Front (Daybeacon),43.634837,-79.346986,Groundwater,"Metal, metalloid, and organometallic",Unknown,1,,,,
ON,Ontario,Toronto,Toronto Main Harbour Channel Front (Daybeacon),43.634837,-79.346986,Groundwater,Other inorganics,Unknown,1,,,,
ON,Ontario,Toronto,Toronto Main Harbour Channel Front (Daybeacon),43.634837,-79.346986,Soil,"BTEXs (benzene, toluene, ethylbenzene, and xylene)",Oil/Petroleum (PHCs),1,180,280,230,238.63
ON,Ontario,Toronto,Toronto Main Harbour Channel Front (Daybeacon),43.634837,-79.346986,Soil,"Metal, metalloid, and organometallic",Unknown,1,,,,
ON,Ontario,Toronto,Toronto Main Harbour Channel Front (Daybeacon),43.634837,-79.346986,Soil,PHCs (petroleum hydrocarbons),Oil/Petroleum (PHCs),1,180,280,230,238.63
ON,Ontario,Toronto,Toronto Main Harbour Channel Front (Daybeacon),43.634837,-79.346986,Surface soil,PAHs (polycyclic aromatic hydrocarbon),Oil/Petroleum (PHCs),1,180,280,230,238.63
ON,Ontario,Toronto,Toronto Main Harbour Channel Front (Daybeacon),43.634837,-79.346986,Surface soil,PHCs (petroleum hydrocarbons),Oil/Petroleum (PHCs),1,180,280,230,238.63
ON,Ontario,Toronto,Toronto Maintenance Center,43.610556,-79.509444,Soil,Other inorganics,Unknown,1,,,,
ON,Ontario,Toronto,Toronto Maintenance Center,43.610556,-79.509444,Soil,PHCs (petroleum hydrocarbons),Oil/Petroleum (PHCs),1,180,280,230,238.63
ON,Ontario,Toronto,Toronto Training Area,Unknown,Unknown,Soil,"Metal, metalloid, and organometallic",Unknown,1,,,,
ON,Ontario,Toronto,Unknown,Unknown,Unknown,Soil,"BTEXs (benzene, toluene, ethylbenzene, and xylene)",Oil/Petroleum (PHCs),2,180,280,230,238.63
ON,Ontario,Toronto,Unknown,Unknown,Unknown,Soil,"Metal, metalloid, and organometallic",Unknown,2,,,,
ON,Ontario,Toronto,Unknown,Unknown,Unknown,Soil,PAHs (polycyclic aromatic hydrocarbon),Oil/Petroleum (PHCs),1,180,280,230,238.63
ON,Ontario,Toronto,Unknown,Unknown,Unknown,Soil,PHCs (petroleum hydrocarbons),Oil/Petroleum (PHCs),2,180,280,230,238.63
ON,Ontario,Toronto,VIA TMC,43.610556,-79.509444,Soil,"BTEXs (benzene, toluene, ethylbenzene, and xylene)",Oil/Petroleum (PHCs),1,180,280,230,238.63
ON,Ontario,Toronto,VIA TMC,43.610556,-79.509444,Soil,"Metal, metalloid, and organometallic",Unknown,1,,,,
ON,Ontario,Toronto,VIA TMC,43.610556,-79.509444,Soil,PAHs (polycyclic aromatic hydrocarbon),Oil/Petroleum (PHCs),1,180,280,230,238.63
ON,Ontario,Toronto,VIA TMC,43.610556,-79.509444,Soil,PHCs (petroleum hydrocarbons),Oil/Petroleum (PHCs),1,180,280,230,238.63
QC,Quebec,Montreal,100 tons balance,45.575800,-73.525800,Soil,"Metal, metalloid, and organometallic",Unknown,1,,,,
QC,Quebec,Montreal,"105 McGill Street and 400 Place D'Youville, Montreal",45.500001,-73.555956,Soil,"Metal, metalloid, and organometallic",Unknown,1,,,,
QC,Quebec,Montreal,"105 McGill Street and 400 Place D'Youville, Montreal",45.500001,-73.555956,Soil,PAHs (polycyclic aromatic hydrocarbon),Oil/Petroleum (PHCs),1,180,280,230,230
QC,Quebec,Montreal,"105 McGill Street and 400 Place D'Youville, Montreal",45.500001,-73.555956,Soil,PHCs (petroleum hydrocarbons),Oil/Petroleum (PHCs),1,180,280,230,230
QC,Quebec,Montreal,200 places prkng Mtl Garrison,45.577100,-73.533100,Soil,"Metal, metalloid, and organometallic",Unknown,1,,,,
QC,Quebec,Montreal,200 places prkng Mtl Garrison,45.577100,-73.533100,Soil,PAHs (polycyclic aromatic hydrocarbon),Oil/Petroleum (PHCs),1,180,280,230,230
QC,Quebec,Montreal,"46 St-Jacques, Montreal",45.506000,-73.557000,Soil,"Metal, metalloid, and organometallic",Unknown,1,,,,
QC,Quebec,Montreal,"46 St-Jacques, Montreal",45.506000,-73.557000,Soil,PAHs (polycyclic aromatic hydrocarbon),Oil/Petroleum (PHCs),1,180,280,230,230
QC,Quebec,Montreal,"46 St-Jacques, Montreal",45.506000,-73.557000,Soil,PHCs (petroleum hydrocarbons),Oil/Petroleum (PHCs),1,180,280,230,230
QC,Quebec,Montreal,"643,645, 655 and 655A Montée de Liesse; Lots 1 892 534 and 1 892 535",45.482533,-73.710536,Surface soil,"Metal, metalloid, and organometallic",Unknown,1,,,,
QC,Quebec,Montreal,AB- Section 10,45.489590,-73.547610,Not Available,"Metal, metalloid, and organometallic",Unknown,1,,,,
QC,Quebec,Montreal,AB- Section 10,45.489590,-73.547610,Not Available,Other organics,Unknown,1,,,,
QC,Quebec,Montreal,AB- Section 10,45.489590,-73.547610,Not Available,PAHs (polycyclic aromatic hydrocarbon),Oil/Petroleum (PHCs),1,180,280,230,230
QC,Quebec,Montreal,Access ramp and docks repairs Montréal Garrison,45.576700,-73.521900,Soil,PAHs (polycyclic aromatic hydrocarbon),Oil/Petroleum (PHCs),1,180,280,230,230
QC,Quebec,Montreal,"Atwater Boulevard, North of HWY 15, Montreal",45.476146,-73.573801,Soil,"Metal, metalloid, and organometallic",Unknown,1,,,,
QC,Quebec,Montreal,"Atwater Boulevard, North of HWY 15, Montreal",45.476146,-73.573801,Soil,PAHs (polycyclic aromatic hydrocarbon),Oil/Petroleum (PHCs),1,180,280,230,230
QC,Quebec,Montreal,Behind Kitchen (B155) - Montreal garrison,45.578600,-73.530800,Soil,"Metal, metalloid, and organometallic",Unknown,1,,,,
QC,Quebec,Montreal,"Boulevard Atwater, South of HWY 15, Montreal",45.473089,-73.572386,Soil,"Metal, metalloid, and organometallic",Unknown,1,,,,
QC,Quebec,Montreal,"Boulevard Atwater, South of HWY 15, Montreal",45.473089,-73.572386,Soil,PAHs (polycyclic aromatic hydrocarbon),Oil/Petroleum (PHCs),1,180,280,230,230
QC,Quebec,Montreal,"Boulevard LaSalle, South of HWY 15, Montreal",45.474016,-73.570171,Soil,"Metal, metalloid, and organometallic",Unknown,1,,,,
QC,Quebec,Montreal,"Boulevard LaSalle, South of HWY 15, Montreal",45.474016,-73.570171,Soil,PAHs (polycyclic aromatic hydrocarbon),Oil/Petroleum (PHCs),1,180,280,230,230
QC,Quebec,Montreal,Brossard,45.471036,-73.544213,Soil,"Metal, metalloid, and organometallic",Unknown,1,,,,
QC,Quebec,Montreal,Brossard,45.471036,-73.544213,Soil,PAHs (polycyclic aromatic hydrocarbon),Oil/Petroleum (PHCs),1,180,280,230,230
QC,Quebec,Montreal,Building E,45.515550,-73.660000,Groundwater,PAHs (polycyclic aromatic hydrocarbon),Oil/Petroleum (PHCs),1,180,280,230,230
QC,Quebec,Montreal,Building E,45.515550,-73.660000,Groundwater,PHCs (petroleum hydrocarbons),Oil/Petroleum (PHCs),1,180,280,230,230
QC,Quebec,Montreal,Canal sediments,45.461390,-73.602971,Sediment,"Metal, metalloid, and organometallic",Unknown,1,,,,
QC,Quebec,Montreal,Canal sediments,45.461390,-73.602971,Sediment,PAHs (polycyclic aromatic hydrocarbon),Oil/Petroleum (PHCs),1,180,280,230,230
QC,Quebec,Montreal,Canal sediments,45.461390,-73.602971,Sediment,PCBs (Polychlorinated Biphenyl) and PCDD/Fs (polychlorinated dibenzo-p-dioxin/dibenzofuran),Unknown,1,,,,
QC,Quebec,Montreal,Canal sediments,45.461390,-73.602971,Sediment,PHCs (petroleum hydrocarbons),Oil/Petroleum (PHCs),1,180,280,230,230
QC,Quebec,Montreal,Cathcart Armoury,45.502300,-73.569700,Groundwater,PHCs (petroleum hydrocarbons),Oil/Petroleum (PHCs),1,180,280,230,230
QC,Quebec,Montreal,Cathcart Armoury,45.502300,-73.569700,Soil,PHCs (petroleum hydrocarbons),Oil/Petroleum (PHCs),1,180,280,230,230
QC,Quebec,Montreal,"Central thermal retaining wall, Bldg 37 Montreal Garrison",45.576400,-73.519200,Soil,PAHs (polycyclic aromatic hydrocarbon),Oil/Petroleum (PHCs),1,180,280,230,230
QC,Quebec,Montreal,"Central thermal retaining wall, Bldg 37 Montreal Garrison",45.576400,-73.519200,Soil,PHCs (petroleum hydrocarbons),Oil/Petroleum (PHCs),1,180,280,230,230
QC,Quebec,Montreal,Champlain Bridge,45.472740,-73.550920,Not Available,"Metal, metalloid, and organometallic",Unknown,1,,,,
QC,Quebec,Montreal,Champlain Bridge,45.472740,-73.550920,Not Available,PAHs (polycyclic aromatic hydrocarbon),Oil/Petroleum (PHCs),1,180,280,230,230
QC,Quebec,Montreal,Champlain Bridge,45.472740,-73.550920,Not Available,PHCs (petroleum hydrocarbons),Oil/Petroleum (PHCs),1,180,280,230,230
QC,Quebec,Montreal,Construction of CSC building Montréal,45.575800,-73.525800,Soil,"Metal, metalloid, and organometallic",Unknown,1,,,,
QC,Quebec,Montreal,Depot C - occupied by lessee,45.468865,-73.747621,Not Available,PAHs (polycyclic aromatic hydrocarbon),Oil/Petroleum (PHCs),1,180,280,230,230
QC,Quebec,Montreal,Depot C - occupied by lessee,45.468865,-73.747621,Not Available,PHCs (petroleum hydrocarbons),Oil/Petroleum (PHCs),1,180,280,230,230
QC,Quebec,Montreal,Depot C - occupied by lessee,45.468865,-73.747621,Soil,"Metal, metalloid, and organometallic",Unknown,1,,,,
QC,Quebec,Montreal,ETAP_approche_nord,45.468240,-73.533170,Soil,"Metal, metalloid, and organometallic",Unknown,1,,,,
QC,Quebec,Montreal,Enlargement of LAV III testing ramp at 202 WKP,45.573600,-73.528100,Soil,"Metal, metalloid, and organometallic",Unknown,1,,,,
QC,Quebec,Montreal,Enlargement of LAV III testing ramp at 202 WKP,45.573600,-73.528100,Soil,PAHs (polycyclic aromatic hydrocarbon),Oil/Petroleum (PHCs),1,180,280,230,230
QC,Quebec,Montreal,FEC- Field Electrical Center,45.468865,-73.747621,Soil,PCBs (Polychlorinated Biphenyl) and PCDD/Fs (polychlorinated dibenzo-p-dioxin/dibenzofuran),Unknown,1,,,,
QC,Quebec,Montreal,Former Biotechnology Research Institute - Montreal,45.486620,-73.673180,Soil,"Metal, metalloid, and organometallic",Unknown,1,,,,
QC,Quebec,Montreal,Former Biotechnology Research Institute - Montreal,45.486620,-73.673180,Soil,PAHs (polycyclic aromatic hydrocarbon),Oil/Petroleum (PHCs),1,180,280,230,230
QC,Quebec,Montreal,Former Building 12,45.579700,-73.524400,Soil,"Metal, metalloid, and organometallic",Unknown,1,,,,
QC,Quebec,Montreal,Former Building 12,45.579700,-73.524400,Soil,PAHs (polycyclic aromatic hydrocarbon),Oil/Petroleum (PHCs),1,180,280,230,230
QC,Quebec,Montreal,Former firefighter training site,45.468865,-73.747621,Not Available,PAHs (polycyclic aromatic hydrocarbon),Oil/Petroleum (PHCs),1,180,280,230,230
QC,Quebec,Montreal,Former firefighter training site,45.468865,-73.747621,Not Available,PHCs (petroleum hydrocarbons),Oil/Petroleum (PHCs),1,180,280,230,230
QC,Quebec,Montreal,"Gaetan-Laberge Boulevard, North of HWY 15",45.474891,-73.549443,Soil,"Metal, metalloid, and organometallic",Unknown,1,,,,
QC,Quebec,Montreal,"Gaetan-Laberge Boulevard, North of HWY 15",45.474891,-73.549443,Soil,PAHs (polycyclic aromatic hydrocarbon),Oil/Petroleum (PHCs),1,180,280,230,230
QC,Quebec,Montreal,"Gaetan-Laberge Boulevard, North of HWY 15",45.474891,-73.549443,Soil,PHCs (petroleum hydrocarbons),Oil/Petroleum (PHCs),1,180,280,230,230
QC,Quebec,Montreal,"Gaetan-Laberge Boulevard, South of HWY 15, Montreal",45.470644,-73.561643,Soil,"Metal, metalloid, and organometallic",Unknown,1,,,,
QC,Quebec,Montreal,"Gaetan-Laberge Boulevard, South of HWY 15, Montreal",45.470644,-73.561643,Soil,PAHs (polycyclic aromatic hydrocarbon),Oil/Petroleum (PHCs),1,180,280,230,230
QC,Quebec,Montreal,Garage Construction LAV III,45.579700,-73.524400,Soil,"Metal, metalloid, and organometallic",Unknown,1,,,,
QC,Quebec,Montreal,Hangar 10 local 151 drilling in floor of an old shop,45.577500,-73.516900,Soil,"Metal, metalloid, and organometallic",Unknown,1,,,,
QC,Quebec,Montreal,"Highway 15, between Atwater and Gaetan-Laberge, Verdun, Montreal",45.471036,-73.544213,Soil,"Metal, metalloid, and organometallic",Unknown,1,,,,
QC,Quebec,Montreal,"Highway 15, between Atwater and Gaetan-Laberge, Verdun, Montreal",45.471036,-73.544213,Soil,PAHs (polycyclic aromatic hydrocarbon),Oil/Petroleum (PHCs),1,180,280,230,230
QC,Quebec,Montreal,Ile Sainte-Hélène,45.520630,-73.535190,Soil,PHCs (petroleum hydrocarbons),Oil/Petroleum (PHCs),1,180,280,230,230
QC,Quebec,Montreal,"Indoor Firing Range L-123, ASU LP",45.576000,-73.526000,Soil,"Metal, metalloid, and organometallic",Unknown,1,,,,
QC,Quebec,Montreal,Installation of an APU at building L-193,45.576700,-73.521900,Soil,PAHs (polycyclic aromatic hydrocarbon),Oil/Petroleum (PHCs),1,180,280,230,230
QC,Quebec,Montreal,JCP- section 7 (Terrains au sud de Viger),45.522265,-73.545678,Soil,PAHs (polycyclic aromatic hydrocarbon),Oil/Petroleum (PHCs),1,180,280,230,230
QC,Quebec,Montreal,JCP- section 7 (Terrains au sud de Viger),45.522265,-73.545678,Soil,PHCs (petroleum hydrocarbons),Oil/Petroleum (PHCs),1,180,280,230,230
QC,Quebec,Montreal,JCP- section 8 (entre Viger et Maisonneuve Est),45.523996,-73.549640,Soil,"Metal, metalloid, and organometallic",Unknown,1,,,,
QC,Quebec,Montreal,JCP- section 8 (entre Viger et Maisonneuve Est),45.523996,-73.549640,Soil,PAHs (polycyclic aromatic hydrocarbon),Oil/Petroleum (PHCs),1,180,280,230,230
QC,Quebec,Montreal,JCP- section 8 (entre Viger et Maisonneuve Est),45.523996,-73.549640,Soil,PHCs (petroleum hydrocarbons),Oil/Petroleum (PHCs),1,180,280,230,230
QC,Quebec,Montreal,JCP- section 9 (entre Ontario et Maisonneuve Est),45.525346,-73.553733,Soil,"Metal, metalloid, and organometallic",Unknown,1,,,,
QC,Quebec,Montreal,JCP- section 9 (entre Ontario et Maisonneuve Est),45.525346,-73.553733,Soil,PAHs (polycyclic aromatic hydrocarbon),Oil/Petroleum (PHCs),1,180,280,230,230
QC,Quebec,Montreal,JCP- section 9 (entre Ontario et Maisonneuve Est),45.525346,-73.553733,Soil,PHCs (petroleum hydrocarbons),Oil/Petroleum (PHCs),1,180,280,230,230
QC,Quebec,Montreal,"L-10 South, ASU LP",45.577500,-73.516900,Groundwater,"Metal, metalloid, and organometallic",Unknown,1,,,,
QC,Quebec,Montreal,"L-10 South, ASU LP",45.577500,-73.516900,Soil,PAHs (polycyclic aromatic hydrocarbon),Oil/Petroleum (PHCs),1,180,280,230,230
QC,Quebec,Montreal,Lachine (rear range light),45.433130,-73.691960,Soil,"Metal, metalloid, and organometallic",Unknown,1,,,,
QC,Quebec,Montreal,Lachine (rear range light),45.433130,-73.691960,Surface soil,"Metal, metalloid, and organometallic",Unknown,1,,,,
QC,Quebec,Montreal,Layout of a salt shelter,45.575800,-73.525800,Soil,PAHs (polycyclic aromatic hydrocarbon),Oil/Petroleum (PHCs),1,180,280,230,230
QC,Quebec,Montreal,"Loading platform, L-3 North, ASU LP",45.577800,-73.526700,Soil,"Metal, metalloid, and organometallic",Unknown,1,,,,
QC,Quebec,Montreal,"Loading platform, L-3 North, ASU LP",45.577800,-73.526700,Soil,"Other Physical/Chemical (pH, temperature, dissolved solids, turbidity, etc.)",Unknown,1,,,,
QC,Quebec,Montreal,Longue Pointe Soil Clean-up,45.576100,-73.525200,Soil,"Metal, metalloid, and organometallic",Unknown,1,,,,
QC,Quebec,Montreal,Lot 9 - former petroleum depot,45.468865,-73.747621,Not Available,PAHs (polycyclic aromatic hydrocarbon),Oil/Petroleum (PHCs),1,180,280,230,230
QC,Quebec,Montreal,Lot 9 - former petroleum depot,45.468865,-73.747621,Not Available,PHCs (petroleum hydrocarbons),Oil/Petroleum (PHCs),1,180,280,230,230
QC,Quebec,Montreal,MMC,45.477814,-73.551406,Groundwater,"BTEXs (benzene, toluene, ethylbenzene, and xylene)",Oil/Petroleum (PHCs),1,180,280,230,230
QC,Quebec,Montreal,MMC,45.477814,-73.551406,Groundwater,"Metal, metalloid, and organometallic",Unknown,1,,,,
QC,Quebec,Montreal,MMC,45.477814,-73.551406,Groundwater,Other organics,Unknown,1,,,,
QC,Quebec,Montreal,MMC,45.477814,-73.551406,Groundwater,PAHs (polycyclic aromatic hydrocarbon),Oil/Petroleum (PHCs),1,180,280,230,230
QC,Quebec,Montreal,MMC,45.477814,-73.551406,Groundwater,PHCs (petroleum hydrocarbons),Oil/Petroleum (PHCs),1,180,280,230,230
QC,Quebec,Montreal,MMC,45.477814,-73.551406,Soil,"BTEXs (benzene, toluene, ethylbenzene, and xylene)",Oil/Petroleum (PHCs),1,180,280,230,230
QC,Quebec,Montreal,MMC,45.477814,-73.551406,Soil,"Metal, metalloid, and organometallic",Unknown,1,,,,
QC,Quebec,Montreal,MMC,45.477814,-73.551406,Soil,Other organics,Unknown,1,,,,
QC,Quebec,Montreal,MMC,45.477814,-73.551406,Soil,PAHs (polycyclic aromatic hydrocarbon),Oil/Petroleum (PHCs),1,180,280,230,230
QC,Quebec,Montreal,MMC,45.477814,-73.551406,Soil,PHCs (petroleum hydrocarbons),Oil/Petroleum (PHCs),1,180,280,230,230
QC,Quebec,Montreal,"Mechanical Workshop L-3 North, ASU LP",45.576000,-73.526000,Soil,"Metal, metalloid, and organometallic",Unknown,1,,,,
QC,Quebec,Montreal,"Mechanical Workshop L-3 North, ASU LP",45.576000,-73.526000,Soil,PHCs (petroleum hydrocarbons),Oil/Petroleum (PHCs),1,180,280,230,230
QC,Quebec,Montreal,"Mechanical Workshop, L-3, ASU Longue-Pointe South",45.576100,-73.525200,Groundwater,"Metal, metalloid, and organometallic",Unknown,1,,,,
QC,Quebec,Montreal,"Mechanical Workshop, L-3, ASU Longue-Pointe South",45.576100,-73.525200,Soil,"Metal, metalloid, and organometallic",Unknown,1,,,,
QC,Quebec,Montreal,Montreal soccer pitch,45.576500,-73.533300,Soil,Halogenated Hydrocarbon,Industrial Acids/Solvents,1,450,900,675,675
QC,Quebec,Montreal,Montreal soccer pitch,45.576500,-73.533300,Soil,"Metal, metalloid, and organometallic",Unknown,1,,,,
QC,Quebec,Montreal,Montreal soccer pitch,45.576500,-73.533300,Soil,PAHs (polycyclic aromatic hydrocarbon),Oil/Petroleum (PHCs),1,180,280,230,230
QC,Quebec,Montreal,Montreal soccer pitch,45.576500,-73.533300,Soil,PHCs (petroleum hydrocarbons),Oil/Petroleum (PHCs),1,180,280,230,230
QC,Quebec,Montreal,Multipurpose runway Montreal Garrison north side,45.575800,-73.525800,Soil,"Metal, metalloid, and organometallic",Unknown,1,,,,
QC,Quebec,Montreal,Multipurpose runway Montreal Garrison north side,45.575800,-73.525800,Soil,PAHs (polycyclic aromatic hydrocarbon),Oil/Petroleum (PHCs),1,180,280,230,230
QC,Quebec,Montreal,New Storage Area in Back of the Building,45.429400,-73.644700,Soil,"Metal, metalloid, and organometallic",Unknown,1,,,,
QC,Quebec,Montreal,New Storage Area in Back of the Building,45.429400,-73.644700,Soil,PHCs (petroleum hydrocarbons),Oil/Petroleum (PHCs),1,180,280,230,230
QC,Quebec,Montreal,Normand-Maurice Building,45.482024,-73.584026,Soil,"Metal, metalloid, and organometallic",Unknown,1,,,,
QC,Quebec,Montreal,Normand-Maurice Building,45.482024,-73.584026,Soil,PAHs (polycyclic aromatic hydrocarbon),Oil/Petroleum (PHCs),1,180,280,230,230
QC,Quebec,Montreal,Normand-Maurice Building,45.482024,-73.584026,Soil,PHCs (petroleum hydrocarbons),Oil/Petroleum (PHCs),1,180,280,230,230
QC,Quebec,Montreal,"Nun's Island Boulevard, Montreal",45.469234,-73.545800,Soil,PAHs (polycyclic aromatic hydrocarbon),Oil/Petroleum (PHCs),1,180,280,230,230
QC,Quebec,Montreal,"Nun's Island, Montreal",45.471036,-73.544213,Soil,PAHs (polycyclic aromatic hydrocarbon),Oil/Petroleum (PHCs),1,180,280,230,230
QC,Quebec,Montreal,Old Port of Montreal,45.505000,-73.550830,Not Available,"Metal, metalloid, and organometallic",Unknown,10,,,,
QC,Quebec,Montreal,Old Port of Montreal,45.505000,-73.550830,Not Available,PAHs (polycyclic aromatic hydrocarbon),Oil/Petroleum (PHCs),10,180,280,230,230
QC,Quebec,Montreal,Old Port of Montreal,45.505000,-73.550830,Not Available,PHCs (petroleum hydrocarbons),Oil/Petroleum (PHCs),10,180,280,230,230
QC,Quebec,Montreal,Old Port of Montreal,45.505000,-73.550830,Soil,PAHs (polycyclic aromatic hydrocarbon),Oil/Petroleum (PHCs),5,180,280,230,230
QC,Quebec,Montreal,Old Port of Montreal,45.505000,-73.550830,Soil,PHCs (petroleum hydrocarbons),Oil/Petroleum (PHCs),5,180,280,230,230
QC,Quebec,Montreal,Old Port of Montreal - Confinement Cell,45.493272,-73.552467,Soil,"Metal, metalloid, and organometallic",Unknown,1,,,,
QC,Quebec,Montreal,Old Port of Montreal - Confinement Cell,45.493272,-73.552467,Soil,PAHs (polycyclic aromatic hydrocarbon),Oil/Petroleum (PHCs),1,180,280,230,230
QC,Quebec,Montreal,Old Port of Montreal - Confinement Cell,45.493272,-73.552467,Surface soil,"Metal, metalloid, and organometallic",Unknown,1,,,,
QC,Quebec,Montreal,Old Port of Montreal - Confinement Cell,45.493272,-73.552467,Surface soil,PAHs (polycyclic aromatic hydrocarbon),Oil/Petroleum (PHCs),1,180,280,230,230
QC,Quebec,Montreal,Old Port of Montreal - Horloge Basin,45.505000,-73.550830,Not Available,"Metal, metalloid, and organometallic",Unknown,1,,,,
QC,Quebec,Montreal,Old Port of Montreal - Horloge Basin,45.505000,-73.550830,Not Available,PAHs (polycyclic aromatic hydrocarbon),Oil/Petroleum (PHCs),1,180,280,230,230
QC,Quebec,Montreal,Old Port of Montreal - Horloge Basin,45.505000,-73.550830,Not Available,PHCs (petroleum hydrocarbons),Oil/Petroleum (PHCs),1,180,280,230,230
QC,Quebec,Montreal,"Outdoor Firing Range L-139, ASU LP",45.576000,-73.526000,Soil,"Metal, metalloid, and organometallic",Unknown,1,,,,
QC,Quebec,Montreal,Outside Building B,45.514878,-73.660694,Soil,Halogenated Hydrocarbon,Industrial Acids/Solvents,1,450,900,675,675
QC,Quebec,Montreal,Parcel 1,45.480931,-73.538748,Groundwater,"Metal, metalloid, and organometallic",Unknown,1,,,,
QC,Quebec,Montreal,Parcel 1,45.480931,-73.538748,Groundwater,PAHs (polycyclic aromatic hydrocarbon),Oil/Petroleum (PHCs),1,180,280,230,230
QC,Quebec,Montreal,Parcel 1,45.480931,-73.538748,Groundwater,PCBs (Polychlorinated Biphenyl) and PCDD/Fs (polychlorinated dibenzo-p-dioxin/dibenzofuran),Unknown,1,,,,
QC,Quebec,Montreal,Parcel 1,45.480931,-73.538748,Groundwater,PHCs (petroleum hydrocarbons),Oil/Petroleum (PHCs),1,180,280,230,230
QC,Quebec,Montreal,Parcel 1,45.480931,-73.538748,Soil,"Metal, metalloid, and organometallic",Unknown,1,,,,
QC,Quebec,Montreal,Parcel 1,45.480931,-73.538748,Soil,PAHs (polycyclic aromatic hydrocarbon),Oil/Petroleum (PHCs),1,180,280,230,230
QC,Quebec,Montreal,Parcel 1,45.480931,-73.538748,Soil,PCBs (Polychlorinated Biphenyl) and PCDD/Fs (polychlorinated dibenzo-p-dioxin/dibenzofuran),Unknown,1,,,,
QC,Quebec,Montreal,Parcel 1,45.480931,-73.538748,Soil,PHCs (petroleum hydrocarbons),Oil/Petroleum (PHCs),1,180,280,230,230
QC,Quebec,Montreal,Parcel 2,45.472620,-73.553790,Groundwater,"Metal, metalloid, and organometallic",Unknown,1,,,,
QC,Quebec,Montreal,Parcel 2,45.472620,-73.553790,Soil,"Metal, metalloid, and organometallic",Unknown,1,,,,
QC,Quebec,Montreal,Parcel 3,45.472620,-73.553790,Groundwater,"Metal, metalloid, and organometallic",Unknown,1,,,,
QC,Quebec,Montreal,Parcel 3,45.472620,-73.553790,Soil,"Metal, metalloid, and organometallic",Unknown,1,,,,
QC,Quebec,Montreal,Parcel 4,45.472620,-73.553790,Groundwater,"Metal, metalloid, and organometallic",Unknown,1,,,,
QC,Quebec,Montreal,Parcel 4,45.472620,-73.553790,Soil,"Metal, metalloid, and organometallic",Unknown,1,,,,
QC,Quebec,Montreal,Parking - South Section (Notre Dame) ASU LP,45.576000,-73.526000,Soil,PHCs (petroleum hydrocarbons),Oil/Petroleum (PHCs),1,180,280,230,230
QC,Quebec,Montreal,"Parking at south L-6, ASU LP",45.576000,-73.526000,Soil,PHCs (petroleum hydrocarbons),Oil/Petroleum (PHCs),1,180,280,230,230
QC,Quebec,Montreal,Pont Clément,45.475205,-73.541583,Groundwater,Other inorganics,Unknown,1,,,,
QC,Quebec,Montreal,Pont Clément,45.475205,-73.541583,Soil,"BTEXs (benzene, toluene, ethylbenzene, and xylene)",Oil/Petroleum (PHCs),1,180,280,230,230
QC,Quebec,Montreal,Pont Clément,45.475205,-73.541583,Soil,"Metal, metalloid, and organometallic",Unknown,1,,,,
QC,Quebec,Montreal,Pont Clément,45.475205,-73.541583,Soil,PAHs (polycyclic aromatic hydrocarbon),Oil/Petroleum (PHCs),1,180,280,230,230
QC,Quebec,Montreal,Prairies River at Cheval Blanc Rapids,45.518300,-73.842500,Soil,"Metal, metalloid, and organometallic",Unknown,1,,,,
QC,Quebec,Montreal,Putting drain arnd bldg L-42,45.574200,-73.519000,Soil,"Metal, metalloid, and organometallic",Unknown,1,,,,
QC,Quebec,Montreal,"Rene-Levesque Boulevard, North of HWY 15, Nun's Island",45.471000,-73.542000,Soil,PAHs (polycyclic aromatic hydrocarbon),Oil/Petroleum (PHCs),1,180,280,230,230
QC,Quebec,Montreal,"Rene-Levesque Boulevard, South of HWY 15, Nun's Island",45.469004,-73.535153,Soil,PAHs (polycyclic aromatic hydrocarbon),Oil/Petroleum (PHCs),1,180,280,230,230
QC,Quebec,Montreal,"Sector Slag Studies, ASU LP",45.576700,-73.521900,Soil,PHCs (petroleum hydrocarbons),Oil/Petroleum (PHCs),1,180,280,230,230
QC,Quebec,Montreal,Site 01.1,45.430100,-73.677550,Soil,"Metal, metalloid, and organometallic",Unknown,1,,,,
QC,Quebec,Montreal,Site 01.1,45.430100,-73.677550,Soil,PAHs (polycyclic aromatic hydrocarbon),Oil/Petroleum (PHCs),1,180,280,230,230
QC,Quebec,Montreal,Site 01.1,45.430100,-73.677550,Surface soil,"Metal, metalloid, and organometallic",Unknown,1,,,,
QC,Quebec,Montreal,Site 01.1,45.430100,-73.677550,Surface soil,PAHs (polycyclic aromatic hydrocarbon),Oil/Petroleum (PHCs),1,180,280,230,230
QC,Quebec,Montreal,Site 01.1,45.430100,-73.677550,Surface soil,PHCs (petroleum hydrocarbons),Oil/Petroleum (PHCs),1,180,280,230,230
QC,Quebec,Montreal,Site 01.2,45.432098,-73.679543,Groundwater,"Metal, metalloid, and organometallic",Unknown,1,,,,
QC,Quebec,Montreal,Site 01.2,45.432098,-73.679543,Groundwater,PAHs (polycyclic aromatic hydrocarbon),Oil/Petroleum (PHCs),1,180,280,230,230
QC,Quebec,Montreal,Site 01.2,45.432098,-73.679543,Soil,"Metal, metalloid, and organometallic",Unknown,1,,,,
QC,Quebec,Montreal,Site 01.2,45.432098,-73.679543,Soil,PAHs (polycyclic aromatic hydrocarbon),Oil/Petroleum (PHCs),1,180,280,230,230
QC,Quebec,Montreal,Site 01.2,45.432098,-73.679543,Soil,PHCs (petroleum hydrocarbons),Oil/Petroleum (PHCs),1,180,280,230,230
QC,Quebec,Montreal,Site 01.2,45.432098,-73.679543,Surface soil,"Metal, metalloid, and organometallic",Unknown,1,,,,
QC,Quebec,Montreal,Site 01.2,45.432098,-73.679543,Surface soil,PAHs (polycyclic aromatic hydrocarbon),Oil/Petroleum (PHCs),1,180,280,230,230
QC,Quebec,Montreal,Site 01.2,45.432098,-73.679543,Surface soil,PHCs (petroleum hydrocarbons),Oil/Petroleum (PHCs),1,180,280,230,230
QC,Quebec,Montreal,Site 01.3,45.430801,-73.670532,Soil,"Metal, metalloid, and organometallic",Unknown,1,,,,
QC,Quebec,Montreal,Site 01.3,45.430801,-73.670532,Soil,Other organics,Unknown,1,,,,
QC,Quebec,Montreal,Site 01.3,45.430801,-73.670532,Surface soil,"Metal, metalloid, and organometallic",Unknown,1,,,,
QC,Quebec,Montreal,Site 01.3,45.430801,-73.670532,Surface soil,Other organics,Unknown,1,,,,
QC,Quebec,Montreal,Site 01.3,45.430801,-73.670532,Surface soil,PAHs (polycyclic aromatic hydrocarbon),Oil/Petroleum (PHCs),1,180,280,230,230
QC,Quebec,Montreal,Site 02.1,45.431000,-73.666191,Soil,"Metal, metalloid, and organometallic",Unknown,1,,,,
QC,Quebec,Montreal,Site 02.1,45.431000,-73.666191,Soil,PAHs (polycyclic aromatic hydrocarbon),Oil/Petroleum (PHCs),1,180,280,230,230
QC,Quebec,Montreal,Site 02.1,45.431000,-73.666191,Surface soil,"Metal, metalloid, and organometallic",Unknown,1,,,,
QC,Quebec,Montreal,Site 02.1,45.431000,-73.666191,Surface soil,PAHs (polycyclic aromatic hydrocarbon),Oil/Petroleum (PHCs),1,180,280,230,230
QC,Quebec,Montreal,Site 02.2.0,45.431314,-73.668306,Surface soil,"Metal, metalloid, and organometallic",Unknown,1,,,,
QC,Quebec,Montreal,Site 02.2.0,45.431314,-73.668306,Surface soil,PAHs (polycyclic aromatic hydrocarbon),Oil/Petroleum (PHCs),1,180,280,230,230
QC,Quebec,Montreal,Site 02.2.0,45.431314,-73.668306,Surface soil,PHCs (petroleum hydrocarbons),Oil/Petroleum (PHCs),1,180,280,230,230
QC,Quebec,Montreal,Site 02.3,45.431599,-73.665421,Surface soil,"Metal, metalloid, and organometallic",Unknown,1,,,,
QC,Quebec,Montreal,Site 02.3,45.431599,-73.665421,Surface soil,PAHs (polycyclic aromatic hydrocarbon),Oil/Petroleum (PHCs),1,180,280,230,230
QC,Quebec,Montreal,Site 03.1,45.433498,-73.662918,Groundwater,"BTEXs (benzene, toluene, ethylbenzene, and xylene)",Oil/Petroleum (PHCs),1,180,280,230,230
QC,Quebec,Montreal,Site 03.1,45.433498,-73.662918,Groundwater,"Metal, metalloid, and organometallic",Unknown,1,,,,
QC,Quebec,Montreal,Site 03.1,45.433498,-73.662918,Soil,"Metal, metalloid, and organometallic",Unknown,1,,,,
QC,Quebec,Montreal,Site 03.1,45.433498,-73.662918,Soil,PAHs (polycyclic aromatic hydrocarbon),Oil/Petroleum (PHCs),1,180,280,230,230
QC,Quebec,Montreal,Site 03.1,45.433498,-73.662918,Surface soil,"Metal, metalloid, and organometallic",Unknown,1,,,,
QC,Quebec,Montreal,Site 03.1,45.433498,-73.662918,Surface soil,PAHs (polycyclic aromatic hydrocarbon),Oil/Petroleum (PHCs),1,180,280,230,230
QC,Quebec,Montreal,Site 03.1,45.433498,-73.662918,Surface soil,PHCs (petroleum hydrocarbons),Oil/Petroleum (PHCs),1,180,280,230,230
QC,Quebec,Montreal,Site 03.2.1,45.435001,-73.659882,Soil,"Metal, metalloid, and organometallic",Unknown,1,,,,
QC,Quebec,Montreal,Site 03.2.1,45.435001,-73.659882,Surface soil,"Metal, metalloid, and organometallic",Unknown,1,,,,
QC,Quebec,Montreal,Site 03.2.1,45.435001,-73.659882,Surface soil,PAHs (polycyclic aromatic hydrocarbon),Oil/Petroleum (PHCs),1,180,280,230,230
QC,Quebec,Montreal,Site 03.2.2,45.435600,-73.658173,Surface soil,"Metal, metalloid, and organometallic",Unknown,1,,,,
QC,Quebec,Montreal,Site 03.2.2,45.435600,-73.658173,Surface soil,PAHs (polycyclic aromatic hydrocarbon),Oil/Petroleum (PHCs),1,180,280,230,230
QC,Quebec,Montreal,Site 03.2.3,45.435200,-73.658836,Soil,"Metal, metalloid, and organometallic",Unknown,1,,,,
QC,Quebec,Montreal,Site 03.2.3,45.435200,-73.658836,Soil,PAHs (polycyclic aromatic hydrocarbon),Oil/Petroleum (PHCs),1,180,280,230,230
QC,Quebec,Montreal,Site 03.2.3,45.435200,-73.658836,Soil,PHCs (petroleum hydrocarbons),Oil/Petroleum (PHCs),1,180,280,230,230
QC,Quebec,Montreal,Site 03.2.3,45.435200,-73.658836,Surface soil,"Metal, metalloid, and organometallic",Unknown,1,,,,
QC,Quebec,Montreal,Site 03.2.3,45.435200,-73.658836,Surface soil,PAHs (polycyclic aromatic hydrocarbon),Oil/Petroleum (PHCs),1,180,280,230,230
QC,Quebec,Montreal,Site 03.2.3,45.435200,-73.658836,Surface soil,PHCs (petroleum hydrocarbons),Oil/Petroleum (PHCs),1,180,280,230,230
QC,Quebec,Montreal,Site 03.2.4,45.436100,-73.657227,Soil,"Metal, metalloid, and organometallic",Unknown,1,,,,
QC,Quebec,Montreal,Site 03.2.4,45.436100,-73.657227,Surface soil,"Metal, metalloid, and organometallic",Unknown,1,,,,
QC,Quebec,Montreal,Site 03.2.4,45.436100,-73.657227,Surface soil,PAHs (polycyclic aromatic hydrocarbon),Oil/Petroleum (PHCs),1,180,280,230,230
QC,Quebec,Montreal,Site 03.3,45.432701,-73.662392,Surface soil,"Metal, metalloid, and organometallic",Unknown,1,,,,
QC,Quebec,Montreal,Site 03.3,45.432701,-73.662392,Surface soil,PAHs (polycyclic aromatic hydrocarbon),Oil/Petroleum (PHCs),1,180,280,230,230
QC,Quebec,Montreal,Site 03.4,45.434399,-73.658562,Soil,"Metal, metalloid, and organometallic",Unknown,1,,,,
QC,Quebec,Montreal,Site 03.5,45.435398,-73.656387,Other medium,"Other Physical/Chemical (pH, temperature, dissolved solids, turbidity, etc.)",Unknown,1,,,,
QC,Quebec,Montreal,Site 04.1.1,45.437500,-73.653458,Surface soil,"Metal, metalloid, and organometallic",Unknown,1,,,,
QC,Quebec,Montreal,Site 04.1.1,45.437500,-73.653458,Surface soil,PAHs (polycyclic aromatic hydrocarbon),Oil/Petroleum (PHCs),1,180,280,230,230
QC,Quebec,Montreal,Site 04.1.1,45.437500,-73.653458,Surface soil,PHCs (petroleum hydrocarbons),Oil/Petroleum (PHCs),1,180,280,230,230
QC,Quebec,Montreal,Site 04.1.2,45.438599,-73.651550,Surface soil,"Metal, metalloid, and organometallic",Unknown,1,,,,
QC,Quebec,Montreal,Site 04.1.2,45.438599,-73.651550,Surface soil,PAHs (polycyclic aromatic hydrocarbon),Oil/Petroleum (PHCs),1,180,280,230,230
QC,Quebec,Montreal,Site 04.1.3,45.439499,-73.650681,Soil,"Metal, metalloid, and organometallic",Unknown,1,,,,
QC,Quebec,Montreal,Site 04.1.3,45.439499,-73.650681,Surface soil,"Metal, metalloid, and organometallic",Unknown,1,,,,
QC,Quebec,Montreal,Site 04.1.3,45.439499,-73.650681,Surface soil,PAHs (polycyclic aromatic hydrocarbon),Oil/Petroleum (PHCs),1,180,280,230,230
QC,Quebec,Montreal,Site 04.1.3,45.439499,-73.650681,Surface soil,PHCs (petroleum hydrocarbons),Oil/Petroleum (PHCs),1,180,280,230,230
QC,Quebec,Montreal,Site 04.2.1,45.439800,-73.649078,Groundwater,PAHs (polycyclic aromatic hydrocarbon),Oil/Petroleum (PHCs),1,180,280,230,230
QC,Quebec,Montreal,Site 04.2.1,45.439800,-73.649078,Soil,"Metal, metalloid, and organometallic",Unknown,1,,,,
QC,Quebec,Montreal,Site 04.2.1,45.439800,-73.649078,Surface soil,"Metal, metalloid, and organometallic",Unknown,1,,,,
QC,Quebec,Montreal,Site 04.2.1,45.439800,-73.649078,Surface soil,PAHs (polycyclic aromatic hydrocarbon),Oil/Petroleum (PHCs),1,180,280,230,230
QC,Quebec,Montreal,Site 04.2.1,45.439800,-73.649078,Surface soil,PCBs (Polychlorinated Biphenyl) and PCDD/Fs (polychlorinated dibenzo-p-dioxin/dibenzofuran),Unknown,1,,,,
QC,Quebec,Montreal,Site 04.2.1,45.439800,-73.649078,Surface soil,PHCs (petroleum hydrocarbons),Oil/Petroleum (PHCs),1,180,280,230,230
QC,Quebec,Montreal,Site 04.2.2,45.441002,-73.646759,Surface soil,"Metal, metalloid, and organometallic",Unknown,1,,,,
QC,Quebec,Montreal,Site 04.2.2,45.441002,-73.646759,Surface soil,PAHs (polycyclic aromatic hydrocarbon),Oil/Petroleum (PHCs),1,180,280,230,230
QC,Quebec,Montreal,Site 04.2.2,45.441002,-73.646759,Surface soil,PHCs (petroleum hydrocarbons),Oil/Petroleum (PHCs),1,180,280,230,230
QC,Quebec,Montreal,Site 04.2.3,45.441101,-73.646309,Soil,"Metal, metalloid, and organometallic",Unknown,1,,,,
QC,Quebec,Montreal,Site 04.2.3,45.441101,-73.646309,Surface soil,"Metal, metalloid, and organometallic",Unknown,1,,,,
QC,Quebec,Montreal,Site 04.2.3,45.441101,-73.646309,Surface soil,PAHs (polycyclic aromatic hydrocarbon),Oil/Petroleum (PHCs),1,180,280,230,230
QC,Quebec,Montreal,Site 04.2.3,45.441101,-73.646309,Surface soil,PHCs (petroleum hydrocarbons),Oil/Petroleum (PHCs),1,180,280,230,230
QC,Quebec,Montreal,Site 04.3,45.440800,-73.650078,Groundwater,"BTEXs (benzene, toluene, ethylbenzene, and xylene)",Oil/Petroleum (PHCs),1,180,280,230,230
QC,Quebec,Montreal,Site 04.3,45.440800,-73.650078,Groundwater,PAHs (polycyclic aromatic hydrocarbon),Oil/Petroleum (PHCs),1,180,280,230,230
QC,Quebec,Montreal,Site 04.3,45.440800,-73.650078,Soil,"BTEXs (benzene, toluene, ethylbenzene, and xylene)",Oil/Petroleum (PHCs),1,180,280,230,230
QC,Quebec,Montreal,Site 04.3,45.440800,-73.650078,Soil,"Metal, metalloid, and organometallic",Unknown,1,,,,
QC,Quebec,Montreal,Site 04.3,45.440800,-73.650078,Soil,PAHs (polycyclic aromatic hydrocarbon),Oil/Petroleum (PHCs),1,180,280,230,230
QC,Quebec,Montreal,Site 04.3,45.440800,-73.650078,Soil,PHCs (petroleum hydrocarbons),Oil/Petroleum (PHCs),1,180,280,230,230
QC,Quebec,Montreal,Site 04.3,45.440800,-73.650078,Surface soil,"BTEXs (benzene, toluene, ethylbenzene, and xylene)",Oil/Petroleum (PHCs),1,180,280,230,230
QC,Quebec,Montreal,Site 04.3,45.440800,-73.650078,Surface soil,"Metal, metalloid, and organometallic",Unknown,1,,,,
QC,Quebec,Montreal,Site 04.3,45.440800,-73.650078,Surface soil,PAHs (polycyclic aromatic hydrocarbon),Oil/Petroleum (PHCs),1,180,280,230,230
QC,Quebec,Montreal,Site 04.3,45.440800,-73.650078,Surface soil,PHCs (petroleum hydrocarbons),Oil/Petroleum (PHCs),1,180,280,230,230
QC,Quebec,Montreal,Site 04.4,45.435101,-73.656960,Not Available,"Metal, metalloid, and organometallic",Unknown,1,,,,
QC,Quebec,Montreal,Site 04.5,45.436798,-73.652908,Surface soil,"Metal, metalloid, and organometallic",Unknown,1,,,,
QC,Quebec,Montreal,Site 04.5,45.436798,-73.652908,Surface soil,PAHs (polycyclic aromatic hydrocarbon),Oil/Petroleum (PHCs),1,180,280,230,230
QC,Quebec,Montreal,Site 04.5,45.436798,-73.652908,Surface soil,PHCs (petroleum hydrocarbons),Oil/Petroleum (PHCs),1,180,280,230,230
QC,Quebec,Montreal,Site 04.6,45.437801,-73.652618,Soil,PAHs (polycyclic aromatic hydrocarbon),Oil/Petroleum (PHCs),1,180,280,230,230
QC,Quebec,Montreal,Site 04.6,45.437801,-73.652618,Surface soil,"Metal, metalloid, and organometallic",Unknown,1,,,,
QC,Quebec,Montreal,Site 04.6,45.437801,-73.652618,Surface soil,PAHs (polycyclic aromatic hydrocarbon),Oil/Petroleum (PHCs),1,180,280,230,230
QC,Quebec,Montreal,Site 04.7,45.441601,-73.644951,Groundwater,"Metal, metalloid, and organometallic",Unknown,1,,,,
QC,Quebec,Montreal,Site 04.7,45.441601,-73.644951,Groundwater,PAHs (polycyclic aromatic hydrocarbon),Oil/Petroleum (PHCs),1,180,280,230,230
QC,Quebec,Montreal,Site 04.7,45.441601,-73.644951,Soil,"BTEXs (benzene, toluene, ethylbenzene, and xylene)",Oil/Petroleum (PHCs),1,180,280,230,230
QC,Quebec,Montreal,Site 04.7,45.441601,-73.644951,Soil,PAHs (polycyclic aromatic hydrocarbon),Oil/Petroleum (PHCs),1,180,280,230,230
QC,Quebec,Montreal,Site 04.7,45.441601,-73.644951,Soil,PHCs (petroleum hydrocarbons),Oil/Petroleum (PHCs),1,180,280,230,230
QC,Quebec,Montreal,Site 04.7,45.441601,-73.644951,Surface soil,"Metal, metalloid, and organometallic",Unknown,1,,,,
QC,Quebec,Montreal,Site 05.1,45.442101,-73.643867,Surface soil,"Metal, metalloid, and organometallic",Unknown,1,,,,
QC,Quebec,Montreal,Site 05.2,45.441299,-73.644241,Surface soil,PAHs (polycyclic aromatic hydrocarbon),Oil/Petroleum (PHCs),1,180,280,230,230
QC,Quebec,Montreal,Site 05.4,45.439400,-73.647987,Soil,PAHs (polycyclic aromatic hydrocarbon),Oil/Petroleum (PHCs),1,180,280,230,230
QC,Quebec,Montreal,Site 06.1,45.444199,-73.638519,Soil,"Metal, metalloid, and organometallic",Unknown,1,,,,
QC,Quebec,Montreal,Site 06.1,45.444199,-73.638519,Soil,PAHs (polycyclic aromatic hydrocarbon),Oil/Petroleum (PHCs),1,180,280,230,230
QC,Quebec,Montreal,Site 06.1,45.444199,-73.638519,Soil,PHCs (petroleum hydrocarbons),Oil/Petroleum (PHCs),1,180,280,230,230
QC,Quebec,Montreal,Site 06.1,45.444199,-73.638519,Surface soil,"Metal, metalloid, and organometallic",Unknown,1,,,,
QC,Quebec,Montreal,Site 06.1,45.444199,-73.638519,Surface soil,PAHs (polycyclic aromatic hydrocarbon),Oil/Petroleum (PHCs),1,180,280,230,230
QC,Quebec,Montreal,Site 06.1,45.444199,-73.638519,Surface soil,PHCs (petroleum hydrocarbons),Oil/Petroleum (PHCs),1,180,280,230,230
QC,Quebec,Montreal,Site 06.2,45.443600,-73.638023,Soil,"Metal, metalloid, and organometallic",Unknown,1,,,,
QC,Quebec,Montreal,Site 06.2,45.443600,-73.638023,Soil,PAHs (polycyclic aromatic hydrocarbon),Oil/Petroleum (PHCs),1,180,280,230,230
QC,Quebec,Montreal,Site 07.1 (north deposit site),45.448101,-73.630096,Soil,PAHs (polycyclic aromatic hydrocarbon),Oil/Petroleum (PHCs),1,180,280,230,230
QC,Quebec,Montreal,Site 07.1 (north deposit site),45.448101,-73.630096,Soil,PHCs (petroleum hydrocarbons),Oil/Petroleum (PHCs),1,180,280,230,230
QC,Quebec,Montreal,Site 07.2,45.448200,-73.629692,Soil,"Metal, metalloid, and organometallic",Unknown,1,,,,
QC,Quebec,Montreal,Site 07.2,45.448200,-73.629692,Soil,PAHs (polycyclic aromatic hydrocarbon),Oil/Petroleum (PHCs),1,180,280,230,230
QC,Quebec,Montreal,Site 07.2,45.448200,-73.629692,Surface soil,"Metal, metalloid, and organometallic",Unknown,1,,,,
QC,Quebec,Montreal,Site 07.2,45.448200,-73.629692,Surface soil,PAHs (polycyclic aromatic hydrocarbon),Oil/Petroleum (PHCs),1,180,280,230,230
QC,Quebec,Montreal,Site 07.3,45.448299,-73.628464,Surface soil,"Metal, metalloid, and organometallic",Unknown,1,,,,
QC,Quebec,Montreal,Site 07.3,45.448299,-73.628464,Surface soil,PAHs (polycyclic aromatic hydrocarbon),Oil/Petroleum (PHCs),1,180,280,230,230
QC,Quebec,Montreal,Site 08.1,45.452900,-73.624130,Soil,PAHs (polycyclic aromatic hydrocarbon),Oil/Petroleum (PHCs),1,180,280,230,230
QC,Quebec,Montreal,Site 08.1,45.452900,-73.624130,Surface soil,"Metal, metalloid, and organometallic",Unknown,1,,,,
QC,Quebec,Montreal,Site 08.1,45.452900,-73.624130,Surface soil,PAHs (polycyclic aromatic hydrocarbon),Oil/Petroleum (PHCs),1,180,280,230,230
QC,Quebec,Montreal,Site 08.2,45.453098,-73.622353,Surface soil,"Metal, metalloid, and organometallic",Unknown,1,,,,
QC,Quebec,Montreal,Site 08.2,45.453098,-73.622353,Surface soil,PAHs (polycyclic aromatic hydrocarbon),Oil/Petroleum (PHCs),1,180,280,230,230
QC,Quebec,Montreal,Site 08.3,45.453899,-73.621231,Soil,Other organics,Unknown,1,,,,
QC,Quebec,Montreal,Site 08.3,45.453899,-73.621231,Soil,PAHs (polycyclic aromatic hydrocarbon),Oil/Petroleum (PHCs),1,180,280,230,230
QC,Quebec,Montreal,Site 08.3,45.453899,-73.621231,Surface soil,"Metal, metalloid, and organometallic",Unknown,1,,,,
QC,Quebec,Montreal,Site 08.3,45.453899,-73.621231,Surface water,"Metal, metalloid, and organometallic",Unknown,1,,,,
QC,Quebec,Montreal,Site 08.3,45.453899,-73.621231,Surface water,Other organics,Unknown,1,,,,
QC,Quebec,Montreal,Site 08.3,45.453899,-73.621231,Surface water,PAHs (polycyclic aromatic hydrocarbon),Oil/Petroleum (PHCs),1,180,280,230,230
QC,Quebec,Montreal,Site 08.5,45.457001,-73.615753,Soil,PAHs (polycyclic aromatic hydrocarbon),Oil/Petroleum (PHCs),1,180,280,230,230
QC,Quebec,Montreal,Site 08.5,45.457001,-73.615753,Surface soil,"Metal, metalloid, and organometallic",Unknown,1,,,,
QC,Quebec,Montreal,Site 08.5,45.457001,-73.615753,Surface soil,PAHs (polycyclic aromatic hydrocarbon),Oil/Petroleum (PHCs),1,180,280,230,230
QC,Quebec,Montreal,Site 08.6  (north deposit site),45.457199,-73.616791,Soil,"Metal, metalloid, and organometallic",Unknown,1,,,,
QC,Quebec,Montreal,Site 08.6  (north deposit site),45.457199,-73.616791,Soil,PAHs (polycyclic aromatic hydrocarbon),Oil/Petroleum (PHCs),1,180,280,230,230
QC,Quebec,Montreal,Site 09.1 (North deposit site),45.460800,-73.606178,Soil,"Metal, metalloid, and organometallic",Unknown,1,,,,
QC,Quebec,Montreal,Site 09.1 (North deposit site),45.460800,-73.606178,Soil,PAHs (polycyclic aromatic hydrocarbon),Oil/Petroleum (PHCs),1,180,280,230,230
QC,Quebec,Montreal,Site 09.1 (North deposit site),45.460800,-73.606178,Surface soil,"Metal, metalloid, and organometallic",Unknown,1,,,,
QC,Quebec,Montreal,Site 09.1 (North deposit site),45.460800,-73.606178,Surface soil,PAHs (polycyclic aromatic hydrocarbon),Oil/Petroleum (PHCs),1,180,280,230,230
QC,Quebec,Montreal,Site 09.2,45.460602,-73.606361,Soil,"Metal, metalloid, and organometallic",Unknown,1,,,,
QC,Quebec,Montreal,Site 09.2,45.460602,-73.606361,Soil,PAHs (polycyclic aromatic hydrocarbon),Oil/Petroleum (PHCs),1,180,280,230,230
QC,Quebec,Montreal,Site 09.2,45.460602,-73.606361,Surface soil,"Metal, metalloid, and organometallic",Unknown,1,,,,
QC,Quebec,Montreal,Site 09.2,45.460602,-73.606361,Surface soil,PAHs (polycyclic aromatic hydrocarbon),Oil/Petroleum (PHCs),1,180,280,230,230
QC,Quebec,Montreal,Site 09.3.1,45.462200,-73.600121,Surface soil,"Metal, metalloid, and organometallic",Unknown,1,,,,
QC,Quebec,Montreal,Site 09.3.2,45.461300,-73.602280,Surface soil,"Metal, metalloid, and organometallic",Unknown,1,,,,
QC,Quebec,Montreal,Site 09.3.2,45.461300,-73.602280,Surface soil,PAHs (polycyclic aromatic hydrocarbon),Oil/Petroleum (PHCs),1,180,280,230,230
QC,Quebec,Montreal,Site 09.3.2,45.461300,-73.602280,Surface soil,PHCs (petroleum hydrocarbons),Oil/Petroleum (PHCs),1,180,280,230,230
QC,Quebec,Montreal,Site 09.3.3,45.460400,-73.604538,Soil,"Metal, metalloid, and organometallic",Unknown,1,,,,
QC,Quebec,Montreal,Site 09.3.3,45.460400,-73.604538,Surface soil,"Metal, metalloid, and organometallic",Unknown,1,,,,
QC,Quebec,Montreal,Site 09.3.3,45.460400,-73.604538,Surface soil,PAHs (polycyclic aromatic hydrocarbon),Oil/Petroleum (PHCs),1,180,280,230,230
QC,Quebec,Montreal,Site 09.4,45.458500,-73.610580,Surface soil,"Metal, metalloid, and organometallic",Unknown,1,,,,
QC,Quebec,Montreal,Site 09.4,45.458500,-73.610580,Surface soil,PAHs (polycyclic aromatic hydrocarbon),Oil/Petroleum (PHCs),1,180,280,230,230
QC,Quebec,Montreal,Site 1.2.1,45.431400,-73.672500,Soil,"Metal, metalloid, and organometallic",Unknown,1,,,,
QC,Quebec,Montreal,Site 1.2.1,45.431400,-73.672500,Soil,PAHs (polycyclic aromatic hydrocarbon),Oil/Petroleum (PHCs),1,180,280,230,230
QC,Quebec,Montreal,Site 10.1,45.463299,-73.597809,Surface soil,"Metal, metalloid, and organometallic",Unknown,1,,,,
QC,Quebec,Montreal,Site 10.1,45.463299,-73.597809,Surface soil,PAHs (polycyclic aromatic hydrocarbon),Oil/Petroleum (PHCs),1,180,280,230,230
QC,Quebec,Montreal,Site 10.2,45.462800,-73.598760,Soil,PAHs (polycyclic aromatic hydrocarbon),Oil/Petroleum (PHCs),1,180,280,230,230
QC,Quebec,Montreal,Site 10.2,45.462800,-73.598760,Surface soil,"Metal, metalloid, and organometallic",Unknown,1,,,,
QC,Quebec,Montreal,Site 10.2,45.462800,-73.598760,Surface soil,PAHs (polycyclic aromatic hydrocarbon),Oil/Petroleum (PHCs),1,180,280,230,230
QC,Quebec,Montreal,Site 10.3,45.463402,-73.599159,Surface soil,"Metal, metalloid, and organometallic",Unknown,1,,,,
QC,Quebec,Montreal,Site 10.4,45.463699,-73.598396,Surface soil,"Metal, metalloid, and organometallic",Unknown,1,,,,
QC,Quebec,Montreal,Site 10.5,45.464600,-73.597130,Surface soil,PAHs (polycyclic aromatic hydrocarbon),Oil/Petroleum (PHCs),1,180,280,230,230
QC,Quebec,Montreal,Site 10.6,45.464802,-73.595673,Surface soil,"Metal, metalloid, and organometallic",Unknown,1,,,,
QC,Quebec,Montreal,Site 10.6,45.464802,-73.595673,Surface soil,PAHs (polycyclic aromatic hydrocarbon),Oil/Petroleum (PHCs),1,180,280,230,230
QC,Quebec,Montreal,Site 10.6,45.464802,-73.595673,Surface soil,PHCs (petroleum hydrocarbons),Oil/Petroleum (PHCs),1,180,280,230,230
QC,Quebec,Montreal,Site 11.1,45.468102,-73.588188,Soil,"Metal, metalloid, and organometallic",Unknown,1,,,,
QC,Quebec,Montreal,Site 11.1,45.468102,-73.588188,Surface soil,PAHs (polycyclic aromatic hydrocarbon),Oil/Petroleum (PHCs),1,180,280,230,230
QC,Quebec,Montreal,Site 11.2,45.467700,-73.589289,Surface soil,"BTEXs (benzene, toluene, ethylbenzene, and xylene)",Oil/Petroleum (PHCs),1,180,280,230,230
QC,Quebec,Montreal,Site 11.2,45.467700,-73.589289,Surface soil,"Metal, metalloid, and organometallic",Unknown,1,,,,
QC,Quebec,Montreal,Site 11.2,45.467700,-73.589289,Surface soil,PAHs (polycyclic aromatic hydrocarbon),Oil/Petroleum (PHCs),1,180,280,230,230
QC,Quebec,Montreal,Site 11.3,45.468900,-73.586580,Soil,"Metal, metalloid, and organometallic",Unknown,1,,,,
QC,Quebec,Montreal,Site 11.3,45.468900,-73.586580,Soil,Other organics,Unknown,1,,,,
QC,Quebec,Montreal,Site 11.3,45.468900,-73.586580,Soil,PAHs (polycyclic aromatic hydrocarbon),Oil/Petroleum (PHCs),1,180,280,230,230
QC,Quebec,Montreal,Site 11.3,45.468900,-73.586580,Surface soil,"Metal, metalloid, and organometallic",Unknown,1,,,,
QC,Quebec,Montreal,Site 11.3,45.468900,-73.586580,Surface soil,PAHs (polycyclic aromatic hydrocarbon),Oil/Petroleum (PHCs),1,180,280,230,230
QC,Quebec,Montreal,Site 11.4,45.467304,-73.588348,Surface soil,"Metal, metalloid, and organometallic",Unknown,1,,,,
QC,Quebec,Montreal,Site 11.4,45.467304,-73.588348,Surface soil,PAHs (polycyclic aromatic hydrocarbon),Oil/Petroleum (PHCs),1,180,280,230,230
QC,Quebec,Montreal,Site 11.4,45.467304,-73.588348,Surface soil,PHCs (petroleum hydrocarbons),Oil/Petroleum (PHCs),1,180,280,230,230
QC,Quebec,Montreal,Site 11.5,45.470299,-73.584038,Soil,PAHs (polycyclic aromatic hydrocarbon),Oil/Petroleum (PHCs),1,180,280,230,230
QC,Quebec,Montreal,Site 11.5,45.470299,-73.584038,Surface soil,"Metal, metalloid, and organometallic",Unknown,1,,,,
QC,Quebec,Montreal,Site 11.5,45.470299,-73.584038,Surface soil,PAHs (polycyclic aromatic hydrocarbon),Oil/Petroleum (PHCs),1,180,280,230,230
QC,Quebec,Montreal,Site 11.6,45.469803,-73.583229,Soil,"Metal, metalloid, and organometallic",Unknown,1,,,,
QC,Quebec,Montreal,Site 11.6,45.469803,-73.583229,Soil,PAHs (polycyclic aromatic hydrocarbon),Oil/Petroleum (PHCs),1,180,280,230,230
QC,Quebec,Montreal,Site 11.6,45.469803,-73.583229,Surface soil,"Metal, metalloid, and organometallic",Unknown,1,,,,
QC,Quebec,Montreal,Site 11.6,45.469803,-73.583229,Surface soil,PAHs (polycyclic aromatic hydrocarbon),Oil/Petroleum (PHCs),1,180,280,230,230
QC,Quebec,Montreal,Site 11.7,45.468300,-73.585808,Surface soil,"Metal, metalloid, and organometallic",Unknown,1,,,,
QC,Quebec,Montreal,Site 11.7,45.468300,-73.585808,Surface soil,PAHs (polycyclic aromatic hydrocarbon),Oil/Petroleum (PHCs),1,180,280,230,230
QC,Quebec,Montreal,Site 12.2,45.472599,-73.581520,Soil,"Metal, metalloid, and organometallic",Unknown,1,,,,
QC,Quebec,Montreal,Site 12.2,45.472599,-73.581520,Soil,PAHs (polycyclic aromatic hydrocarbon),Oil/Petroleum (PHCs),1,180,280,230,230
QC,Quebec,Montreal,Site 13.1.1,45.472900,-73.579803,Soil,"Metal, metalloid, and organometallic",Unknown,1,,,,
QC,Quebec,Montreal,Site 13.1.1,45.472900,-73.579803,Soil,PAHs (polycyclic aromatic hydrocarbon),Oil/Petroleum (PHCs),1,180,280,230,230
QC,Quebec,Montreal,Site 13.1.2,45.473701,-73.579208,Soil,"Metal, metalloid, and organometallic",Unknown,1,,,,
QC,Quebec,Montreal,Site 13.1.2,45.473701,-73.579208,Soil,PAHs (polycyclic aromatic hydrocarbon),Oil/Petroleum (PHCs),1,180,280,230,230
QC,Quebec,Montreal,Site 13.1.2,45.473701,-73.579208,Surface soil,"Metal, metalloid, and organometallic",Unknown,1,,,,
QC,Quebec,Montreal,Site 13.1.2,45.473701,-73.579208,Surface soil,PAHs (polycyclic aromatic hydrocarbon),Oil/Petroleum (PHCs),1,180,280,230,230
QC,Quebec,Montreal,Site 13.1.3,45.477001,-73.575653,Soil,"Metal, metalloid, and organometallic",Unknown,1,,,,
QC,Quebec,Montreal,Site 13.1.3,45.477001,-73.575653,Soil,PAHs (polycyclic aromatic hydrocarbon),Oil/Petroleum (PHCs),1,180,280,230,230
QC,Quebec,Montreal,Site 13.1.3,45.477001,-73.575653,Surface soil,"Metal, metalloid, and organometallic",Unknown,1,,,,
QC,Quebec,Montreal,Site 13.1.3,45.477001,-73.575653,Surface soil,PAHs (polycyclic aromatic hydrocarbon),Oil/Petroleum (PHCs),1,180,280,230,230
QC,Quebec,Montreal,Site 13.10,45.484100,-73.567192,Soil,"Metal, metalloid, and organometallic",Unknown,1,,,,
QC,Quebec,Montreal,Site 13.10,45.484100,-73.567192,Soil,PAHs (polycyclic aromatic hydrocarbon),Oil/Petroleum (PHCs),1,180,280,230,230
QC,Quebec,Montreal,Site 13.10,45.484100,-73.567192,Surface soil,"Metal, metalloid, and organometallic",Unknown,1,,,,
QC,Quebec,Montreal,Site 13.10,45.484100,-73.567192,Surface soil,PAHs (polycyclic aromatic hydrocarbon),Oil/Petroleum (PHCs),1,180,280,230,230
QC,Quebec,Montreal,Site 13.11,45.485298,-73.565353,Surface soil,PAHs (polycyclic aromatic hydrocarbon),Oil/Petroleum (PHCs),1,180,280,230,230
QC,Quebec,Montreal,Site 13.2,45.477402,-73.576820,Soil,"Metal, metalloid, and organometallic",Unknown,1,,,,
QC,Quebec,Montreal,Site 13.2,45.477402,-73.576820,Surface soil,"Metal, metalloid, and organometallic",Unknown,1,,,,
QC,Quebec,Montreal,Site 13.2,45.477402,-73.576820,Surface soil,PAHs (polycyclic aromatic hydrocarbon),Oil/Petroleum (PHCs),1,180,280,230,230
QC,Quebec,Montreal,Site 13.2,45.477402,-73.576820,Surface soil,PHCs (petroleum hydrocarbons),Oil/Petroleum (PHCs),1,180,280,230,230
QC,Quebec,Montreal,Site 13.3,45.483822,-73.569274,Groundwater,"Metal, metalloid, and organometallic",Unknown,1,,,,
QC,Quebec,Montreal,Site 13.3,45.483822,-73.569274,Soil,"Metal, metalloid, and organometallic",Unknown,1,,,,
QC,Quebec,Montreal,Site 13.3,45.483822,-73.569274,Soil,Other organics,Unknown,1,,,,
QC,Quebec,Montreal,Site 13.3,45.483822,-73.569274,Soil,PAHs (polycyclic aromatic hydrocarbon),Oil/Petroleum (PHCs),1,180,280,230,230
QC,Quebec,Montreal,Site 13.3,45.483822,-73.569274,Soil,PHCs (petroleum hydrocarbons),Oil/Petroleum (PHCs),1,180,280,230,230
QC,Quebec,Montreal,Site 13.3,45.483822,-73.569274,Surface soil,"Metal, metalloid, and organometallic",Unknown,1,,,,
QC,Quebec,Montreal,Site 13.3,45.483822,-73.569274,Surface soil,Other organics,Unknown,1,,,,
QC,Quebec,Montreal,Site 13.3,45.483822,-73.569274,Surface soil,PAHs (polycyclic aromatic hydrocarbon),Oil/Petroleum (PHCs),1,180,280,230,230
QC,Quebec,Montreal,Site 13.3,45.483822,-73.569274,Surface soil,PHCs (petroleum hydrocarbons),Oil/Petroleum (PHCs),1,180,280,230,230
QC,Quebec,Montreal,Site 13.4,45.476898,-73.576141,Not Available,"Metal, metalloid, and organometallic",Unknown,1,,,,
QC,Quebec,Montreal,Site 13.5,45.478901,-73.573639,Soil,"Metal, metalloid, and organometallic",Unknown,1,,,,
QC,Quebec,Montreal,Site 13.5,45.478901,-73.573639,Soil,PAHs (polycyclic aromatic hydrocarbon),Oil/Petroleum (PHCs),1,180,280,230,230
QC,Quebec,Montreal,Site 13.5,45.478901,-73.573639,Surface soil,"Metal, metalloid, and organometallic",Unknown,1,,,,
QC,Quebec,Montreal,Site 13.5,45.478901,-73.573639,Surface soil,PAHs (polycyclic aromatic hydrocarbon),Oil/Petroleum (PHCs),1,180,280,230,230
QC,Quebec,Montreal,Site 13.6,45.481201,-73.570862,Soil,"Metal, metalloid, and organometallic",Unknown,1,,,,
QC,Quebec,Montreal,Site 13.6,45.481201,-73.570862,Soil,PAHs (polycyclic aromatic hydrocarbon),Oil/Petroleum (PHCs),1,180,280,230,230
QC,Quebec,Montreal,Site 13.6,45.481201,-73.570862,Surface soil,"Metal, metalloid, and organometallic",Unknown,1,,,,
QC,Quebec,Montreal,Site 13.6,45.481201,-73.570862,Surface soil,PAHs (polycyclic aromatic hydrocarbon),Oil/Petroleum (PHCs),1,180,280,230,230
QC,Quebec,Montreal,Site 13.7,45.480701,-73.571953,Soil,"Metal, metalloid, and organometallic",Unknown,1,,,,
QC,Quebec,Montreal,Site 13.7,45.480701,-73.571953,Soil,PAHs (polycyclic aromatic hydrocarbon),Oil/Petroleum (PHCs),1,180,280,230,230
QC,Quebec,Montreal,Site 13.7,45.480701,-73.571953,Surface soil,"Metal, metalloid, and organometallic",Unknown,1,,,,
QC,Quebec,Montreal,Site 13.8,45.482498,-73.569283,Groundwater,Other organics,Unknown,1,,,,
QC,Quebec,Montreal,Site 13.8,45.482498,-73.569283,Soil,PHCs (petroleum hydrocarbons),Oil/Petroleum (PHCs),1,180,280,230,230
QC,Quebec,Montreal,Site 13.8,45.482498,-73.569283,Surface soil,"Metal, metalloid, and organometallic",Unknown,1,,,,
QC,Quebec,Montreal,Site 13.8,45.482498,-73.569283,Surface soil,PAHs (polycyclic aromatic hydrocarbon),Oil/Petroleum (PHCs),1,180,280,230,230
QC,Quebec,Montreal,Site 13.9,45.483398,-73.568230,Surface soil,"Metal, metalloid, and organometallic",Unknown,1,,,,
QC,Quebec,Montreal,Site 13.9,45.483398,-73.568230,Surface soil,PAHs (polycyclic aromatic hydrocarbon),Oil/Petroleum (PHCs),1,180,280,230,230
QC,Quebec,Montreal,Site 14.1.1,45.484600,-73.568130,Soil,"Metal, metalloid, and organometallic",Unknown,1,,,,
QC,Quebec,Montreal,Site 14.1.1,45.484600,-73.568130,Soil,PAHs (polycyclic aromatic hydrocarbon),Oil/Petroleum (PHCs),1,180,280,230,230
QC,Quebec,Montreal,Site 14.1.1,45.484600,-73.568130,Soil,PHCs (petroleum hydrocarbons),Oil/Petroleum (PHCs),1,180,280,230,230
QC,Quebec,Montreal,Site 14.2,45.486198,-73.565140,Groundwater,PHCs (petroleum hydrocarbons),Oil/Petroleum (PHCs),1,180,280,230,230
QC,Quebec,Montreal,Site 14.3,45.488300,-73.561699,Soil,"Metal, metalloid, and organometallic",Unknown,1,,,,
QC,Quebec,Montreal,Site 14.3,45.488300,-73.561699,Soil,PAHs (polycyclic aromatic hydrocarbon),Oil/Petroleum (PHCs),1,180,280,230,230
QC,Quebec,Montreal,Site 14.3,45.488300,-73.561699,Surface soil,"Metal, metalloid, and organometallic",Unknown,1,,,,
QC,Quebec,Montreal,Site 14.3,45.488300,-73.561699,Surface soil,PAHs (polycyclic aromatic hydrocarbon),Oil/Petroleum (PHCs),1,180,280,230,230
QC,Quebec,Montreal,Site 14.4,45.486801,-73.562759,Surface soil,"Metal, metalloid, and organometallic",Unknown,1,,,,
QC,Quebec,Montreal,Site 14.4,45.486801,-73.562759,Surface soil,PAHs (polycyclic aromatic hydrocarbon),Oil/Petroleum (PHCs),1,180,280,230,230
QC,Quebec,Montreal,Site 14.7,45.488201,-73.560410,Soil,PAHs (polycyclic aromatic hydrocarbon),Oil/Petroleum (PHCs),1,180,280,230,230
QC,Quebec,Montreal,Site 14.7,45.488201,-73.560410,Surface soil,"Metal, metalloid, and organometallic",Unknown,1,,,,
QC,Quebec,Montreal,Site 14.7,45.488201,-73.560410,Surface soil,PAHs (polycyclic aromatic hydrocarbon),Oil/Petroleum (PHCs),1,180,280,230,230
QC,Quebec,Montreal,Site 15.1,45.489899,-73.559280,Soil,"Metal, metalloid, and organometallic",Unknown,1,,,,
QC,Quebec,Montreal,Site 15.1,45.489899,-73.559280,Soil,PAHs (polycyclic aromatic hydrocarbon),Oil/Petroleum (PHCs),1,180,280,230,230
QC,Quebec,Montreal,Site 15.2,45.489799,-73.557060,Soil,PAHs (polycyclic aromatic hydrocarbon),Oil/Petroleum (PHCs),1,180,280,230,230
QC,Quebec,Montreal,Site 15.2,45.489799,-73.557060,Surface soil,"Metal, metalloid, and organometallic",Unknown,1,,,,
QC,Quebec,Montreal,Site 15.2,45.489799,-73.557060,Surface soil,PAHs (polycyclic aromatic hydrocarbon),Oil/Petroleum (PHCs),1,180,280,230,230
QC,Quebec,Montreal,Site 15.4,45.490799,-73.554268,Surface soil,"Metal, metalloid, and organometallic",Unknown,1,,,,
QC,Quebec,Montreal,Site 15.4,45.490799,-73.554268,Surface soil,PAHs (polycyclic aromatic hydrocarbon),Oil/Petroleum (PHCs),1,180,280,230,230
QC,Quebec,Montreal,Site 15.4,45.490799,-73.554268,Surface soil,PHCs (petroleum hydrocarbons),Oil/Petroleum (PHCs),1,180,280,230,230
QC,Quebec,Montreal,Site 15.5,45.490299,-73.551117,Surface soil,"Metal, metalloid, and organometallic",Unknown,1,,,,
QC,Quebec,Montreal,Site 15.5,45.490299,-73.551117,Surface soil,PAHs (polycyclic aromatic hydrocarbon),Oil/Petroleum (PHCs),1,180,280,230,230
QC,Quebec,Montreal,Site 15.5,45.490299,-73.551117,Surface soil,PHCs (petroleum hydrocarbons),Oil/Petroleum (PHCs),1,180,280,230,230
QC,Quebec,Montreal,Site 15.6,45.490601,-73.557579,Soil,"Metal, metalloid, and organometallic",Unknown,1,,,,
QC,Quebec,Montreal,Site 15.6,45.490601,-73.557579,Soil,PAHs (polycyclic aromatic hydrocarbon),Oil/Petroleum (PHCs),1,180,280,230,230
QC,Quebec,Montreal,Site 15.6,45.490601,-73.557579,Soil,PHCs (petroleum hydrocarbons),Oil/Petroleum (PHCs),1,180,280,230,230
QC,Quebec,Montreal,Site 15.6,45.490601,-73.557579,Surface soil,"BTEXs (benzene, toluene, ethylbenzene, and xylene)",Oil/Petroleum (PHCs),1,180,280,230,230
QC,Quebec,Montreal,Site 15.6,45.490601,-73.557579,Surface soil,"Metal, metalloid, and organometallic",Unknown,1,,,,
QC,Quebec,Montreal,Site 15.6,45.490601,-73.557579,Surface soil,PAHs (polycyclic aromatic hydrocarbon),Oil/Petroleum (PHCs),1,180,280,230,230
QC,Quebec,Montreal,Site 15.7,45.490799,-73.552757,Soil,"BTEXs (benzene, toluene, ethylbenzene, and xylene)",Oil/Petroleum (PHCs),1,180,280,230,230
QC,Quebec,Montreal,Site 15.7,45.490799,-73.552757,Soil,"Metal, metalloid, and organometallic",Unknown,1,,,,
QC,Quebec,Montreal,Site 15.7,45.490799,-73.552757,Soil,PHCs (petroleum hydrocarbons),Oil/Petroleum (PHCs),1,180,280,230,230
QC,Quebec,Montreal,Site 15.7,45.490799,-73.552757,Surface soil,"BTEXs (benzene, toluene, ethylbenzene, and xylene)",Oil/Petroleum (PHCs),1,180,280,230,230
QC,Quebec,Montreal,Site 15.7,45.490799,-73.552757,Surface soil,"Metal, metalloid, and organometallic",Unknown,1,,,,
QC,Quebec,Montreal,Site 15.7,45.490799,-73.552757,Surface soil,PAHs (polycyclic aromatic hydrocarbon),Oil/Petroleum (PHCs),1,180,280,230,230
QC,Quebec,Montreal,Site 16.1 Peel Basin,45.492100,-73.554832,Soil,"Metal, metalloid, and organometallic",Unknown,1,,,,
QC,Quebec,Montreal,Site 16.1 Peel Basin,45.492100,-73.554832,Soil,PAHs (polycyclic aromatic hydrocarbon),Oil/Petroleum (PHCs),1,180,280,230,230
QC,Quebec,Montreal,Site 16.1 Peel Basin,45.492100,-73.554832,Soil,PHCs (petroleum hydrocarbons),Oil/Petroleum (PHCs),1,180,280,230,230
QC,Quebec,Montreal,Site 8.4,45.457100,-73.614342,Surface soil,"Metal, metalloid, and organometallic",Unknown,1,,,,
QC,Quebec,Montreal,Site 8.4,45.457100,-73.614342,Surface soil,PAHs (polycyclic aromatic hydrocarbon),Oil/Petroleum (PHCs),1,180,280,230,230
QC,Quebec,Montreal,Site 9.1.1,45.461464,-73.604558,Groundwater,"Metal, metalloid, and organometallic",Unknown,1,,,,
QC,Quebec,Montreal,Site 9.1.1,45.461464,-73.604558,Groundwater,PAHs (polycyclic aromatic hydrocarbon),Oil/Petroleum (PHCs),1,180,280,230,230
QC,Quebec,Montreal,Site 9.1.1,45.461464,-73.604558,Groundwater,PHCs (petroleum hydrocarbons),Oil/Petroleum (PHCs),1,180,280,230,230
QC,Quebec,Montreal,Site 9.1.1,45.461464,-73.604558,Soil,"Metal, metalloid, and organometallic",Unknown,1,,,,
QC,Quebec,Montreal,Site 9.1.1,45.461464,-73.604558,Soil,PAHs (polycyclic aromatic hydrocarbon),Oil/Petroleum (PHCs),1,180,280,230,230
QC,Quebec,Montreal,Site 9.1.1,45.461464,-73.604558,Soil,PHCs (petroleum hydrocarbons),Oil/Petroleum (PHCs),1,180,280,230,230
QC,Quebec,Montreal,Site 9.1.1,45.461464,-73.604558,Surface soil,"Metal, metalloid, and organometallic",Unknown,1,,,,
QC,Quebec,Montreal,Site 9.1.1,45.461464,-73.604558,Surface soil,PAHs (polycyclic aromatic hydrocarbon),Oil/Petroleum (PHCs),1,180,280,230,230
QC,Quebec,Montreal,Site 9.1.1,45.461464,-73.604558,Surface soil,PHCs (petroleum hydrocarbons),Oil/Petroleum (PHCs),1,180,280,230,230
QC,Quebec,Montreal,Site H,45.468865,-73.747621,Not Available,PAHs (polycyclic aromatic hydrocarbon),Oil/Petroleum (PHCs),1,180,280,230,230
QC,Quebec,Montreal,Site H,45.468865,-73.747621,Not Available,PHCs (petroleum hydrocarbons),Oil/Petroleum (PHCs),1,180,280,230,230
QC,Quebec,Montreal,Site H,45.468865,-73.747621,Soil,"Metal, metalloid, and organometallic",Unknown,1,,,,
QC,Quebec,Montreal,Soil assessment building 166,45.576100,-73.531700,Soil,PHCs (petroleum hydrocarbons),Oil/Petroleum (PHCs),1,180,280,230,230
QC,Quebec,Montreal,St-Grégoire Armoury,45.532600,-73.590900,Soil,PAHs (polycyclic aromatic hydrocarbon),Oil/Petroleum (PHCs),1,180,280,230,230
QC,Quebec,Montreal,Technoparc (industrial park) - Saint-Laurent,45.489983,-73.758774,Soil,PHCs (petroleum hydrocarbons),Oil/Petroleum (PHCs),1,180,280,230,230
QC,Quebec,Montreal,Test banch building 15,45.574500,-73.522600,Soil,"Metal, metalloid, and organometallic",Unknown,1,,,,
QC,Quebec,Montreal,Test banch building 15,45.574500,-73.522600,Soil,PHCs (petroleum hydrocarbons),Oil/Petroleum (PHCs),1,180,280,230,230
QC,Quebec,Montreal,Tétreaultville - front range light,45.597380,-73.510540,Soil,"Metal, metalloid, and organometallic",Unknown,1,,,,
QC,Quebec,Montreal,Tétreaultville - front range light,45.597380,-73.510540,Surface soil,"Metal, metalloid, and organometallic",Unknown,1,,,,
QC,Quebec,Montreal,Underground infrastructure replacement - Montréal Garrison,45.575800,-73.525800,Soil,"Metal, metalloid, and organometallic",Unknown,1,,,,
QC,Quebec,Montreal,Underground infrastructure replacement - Montréal Garrison,45.575800,-73.525800,Soil,PAHs (polycyclic aromatic hydrocarbon),Oil/Petroleum (PHCs),1,180,280,230,230
QC,Quebec,Montreal,"Used snow sites, ASU LP",45.579700,-73.527800,Groundwater,Halogenated Hydrocarbon,Industrial Acids/Solvents,1,450,900,675,675
QC,Quebec,Montreal,"Used snow sites, ASU LP",45.579700,-73.527800,Groundwater,"Metal, metalloid, and organometallic",Unknown,1,,,,
QC,Quebec,Montreal,"Used snow sites, ASU LP",45.579700,-73.527800,Groundwater,"Other Physical/Chemical (pH, temperature, dissolved solids, turbidity, etc.)",Unknown,1,,,,
QC,Quebec,Montreal,"Used snow sites, ASU LP",45.579700,-73.527800,Groundwater,Other inorganics,Unknown,1,,,,
QC,Quebec,Montreal,"Used snow sites, ASU LP",45.579700,-73.527800,Groundwater,Other organics,Unknown,1,,,,
QC,Quebec,Montreal,"Used snow sites, ASU LP",45.579700,-73.527800,Groundwater,PAHs (polycyclic aromatic hydrocarbon),Oil/Petroleum (PHCs),1,180,280,230,230
QC,Quebec,Montreal,"Used snow sites, ASU LP",45.579700,-73.527800,Groundwater,PHCs (petroleum hydrocarbons),Oil/Petroleum (PHCs),1,180,280,230,230
QC,Quebec,Montreal,"Used snow sites, ASU LP",45.579700,-73.527800,Soil,"Metal, metalloid, and organometallic",Unknown,1,,,,
QC,Quebec,Montreal,"Used snow sites, ASU LP",45.579700,-73.527800,Soil,Other organics,Unknown,1,,,,
QC,Quebec,Montreal,"Used snow sites, ASU LP",45.579700,-73.527800,Soil,PAHs (polycyclic aromatic hydrocarbon),Oil/Petroleum (PHCs),1,180,280,230,230
QC,Quebec,Montreal,"Used snow sites, ASU LP",45.579700,-73.527800,Soil,PHCs (petroleum hydrocarbons),Oil/Petroleum (PHCs),1,180,280,230,230
QC,Quebec,Montreal,Vacant site (lot 12) -firefighter training site No. 2,45.468865,-73.747621,Not Available,PAHs (polycyclic aromatic hydrocarbon),Oil/Petroleum (PHCs),1,180,280,230,230
QC,Quebec,Montreal,Vacant site (lot 12) -firefighter training site No. 2,45.468865,-73.747621,Not Available,PHCs (petroleum hydrocarbons),Oil/Petroleum (PHCs),1,180,280,230,230
QC,Quebec,Montreal,Vacant site (lot 12) -firefighter training site No. 2,45.468865,-73.747621,Soil,"Metal, metalloid, and organometallic",Unknown,1,,,,
QC,Quebec,Montreal,"Wellington Street, North of HWY 15, Montreal",45.473453,-73.562516,Soil,"BTEXs (benzene, toluene, ethylbenzene, and xylene)",Oil/Petroleum (PHCs),1,180,280,230,230
QC,Quebec,Montreal,"Wellington Street, North of HWY 15, Montreal",45.473453,-73.562516,Soil,"Metal, metalloid, and organometallic",Unknown,1,,,,
QC,Quebec,Montreal,"Wellington Street, North of HWY 15, Montreal",45.473453,-73.562516,Soil,PAHs (polycyclic aromatic hydrocarbon),Oil/Petroleum (PHCs),1,180,280,230,230
