province_code,province_name,city,site_name,latitude,longitude,contamination_group_count,contamination_groups,contamination_types,contamination_record_count,est_cost_min_cad_per_tonne,est_cost_max_cad_per_tonne,est_cost_avg_mid_cad_per_tonne
BC,British Columbia,Vancouver,555 - Squamish - 00009 - KITSILANO NO. 6 - 0901112102,49.273892,-123.143086,2,Unknown | Oil/Petroleum (PHCs),"Metal, metalloid, and organometallic | PAHs (polycyclic aromatic hydrocarbon) | BTEXs (benzene, toluene, ethylbenzene, and xylene) | PCBs (Polychlorinated Biphenyl) and PCDD/Fs (polychlorinated dibenzo-p-dioxin/dibenzofuran) | PHCs (petroleum hydrocarbons)",7,180,280,300
BC,British Columbia,Vancouver,Bessborough Armoury,49.262500,-123.151000,2,Industrial Acids/Solvents | Unknown,"Halogenated Hydrocarbon | Metal, metalloid, and organometallic",2,450,900,745
BC,British Columbia,Vancouver,Fairmont Complex,49.239470,-123.122000,2,Unknown | Oil/Petroleum (PHCs),"Metal, metalloid, and organometallic | PAHs (polycyclic aromatic hydrocarbon) | PHCs (petroleum hydrocarbons)",3,180,280,300
BC,British Columbia,Vancouver,Former POL Storage Site at HMCS Discovery,49.296900,-123.123000,2,Oil/Petroleum (PHCs) | Unknown,"BTEXs (benzene, toluene, ethylbenzene, and xylene) | Metal, metalloid, and organometallic | PAHs (polycyclic aromatic hydrocarbon) | PHCs (petroleum hydrocarbons)",4,180,280,300
BC,British Columbia,Vancouver,Harry Stevens Office Building,49.262260,-123.102240,1,Oil/Petroleum (PHCs),PAHs (polycyclic aromatic hydrocarbon) | PHCs (petroleum hydrocarbons),2,180,280,300
BC,British Columbia,Vancouver,Jericho Beach,49.267100,-123.191000,1,Oil/Petroleum (PHCs),PHCs (petroleum hydrocarbons),1,180,280,300
BC,British Columbia,Vancouver,Kitsilano Coast Guard Station,49.276252,-123.138445,2,Unknown | Oil/Petroleum (PHCs),"Metal, metalloid, and organometallic | PAHs (polycyclic aromatic hydrocarbon)",2,180,280,300
BC,British Columbia,Vancouver,Seaforth Armoury,49.271100,-123.144000,1,Unknown,"Metal, metalloid, and organometallic",1,,,
BC,British Columbia,Vancouver,Standards Building,49.265167,-123.026964,1,Oil/Petroleum (PHCs),PAHs (polycyclic aromatic hydrocarbon) | PHCs (petroleum hydrocarbons),4,180,280,300
BC,British Columbia,Vancouver,VANCOUVER (FALSE CREEK),49.272828,-123.138939,1,Unknown,"Metal, metalloid, and organometallic",2,,,
BC,British Columbia,Vancouver,Vanier Park,49.276368,-123.142586,2,Oil/Petroleum (PHCs) | Unknown,"BTEXs (benzene, toluene, ethylbenzene, and xylene) | Metal, metalloid, and organometallic | PAHs (polycyclic aromatic hydrocarbon) | PHCs (petroleum hydrocarbons)",12,180,280,300
BC,British Columbia,Vancouver,Workshop NE Corner of Building 21 at HMCS Discovery,49.296900,-123.123000,2,Unknown | Oil/Petroleum (PHCs),"Metal, metalloid, and organometallic | PAHs (polycyclic aromatic hydrocarbon)",2,180,280,300
ON,Ontario,Toronto,Arthur Meighen Building,43.688074,-79.391774,1,Unknown,"Metal, metalloid, and organometallic",1,,,
ON,Ontario,Toronto,Auto Hobby Club Former DeHavilland Plant Area (Downsview),Unknown,Unknown,2,Unknown | Oil/Petroleum (PHCs),"Metal, metalloid, and organometallic | PHCs (petroleum hydrocarbons)",6,180,280,238.63
ON,Ontario,Toronto,Building 100 (Downsview),Unknown,Unknown,1,Oil/Petroleum (PHCs),PHCs (petroleum hydrocarbons),1,180,280,238.63
ON,Ontario,Toronto,Building 103 (Downsview),Unknown,Unknown,1,Oil/Petroleum (PHCs),PHCs (petroleum hydrocarbons),1,180,280,238.63
ON,Ontario,Toronto,CFRC (Yonge Street),43.763300,-79.411900,1,Oil/Petroleum (PHCs),PHCs (petroleum hydrocarbons),1,180,280,238.63
ON,Ontario,Toronto,CN Tower (301 Front Street),43.642600,-79.387100,1,Oil/Petroleum (PHCs),PHCs (petroleum hydrocarbons),1,180,280,238.63
ON,Ontario,Toronto,Canadian Forces Staff College,43.742800,-79.413100,1,Oil/Petroleum (PHCs),PHCs (petroleum hydrocarbons),2,180,280,238.63
ON,Ontario,Toronto,Central Heating Plant (Downsview),Unknown,Unknown,2,Unknown | Oil/Petroleum (PHCs),"Metal, metalloid, and organometallic | PHCs (petroleum hydrocarbons)",4,180,280,238.63
ON,Ontario,Toronto,Construction Engineering Section (Downsview),Unknown,Unknown,1,Oil/Petroleum (PHCs),PHCs (petroleum hydrocarbons),1,180,280,238.63
ON,Ontario,Toronto,Denison Armoury,Unknown,Unknown,2,Oil/Petroleum (PHCs) | Unknown,"BTEXs (benzene, toluene, ethylbenzene, and xylene) | Metal, metalloid, and organometallic | Other organics | PAHs (polycyclic aromatic hydrocarbon) | PCBs (Polychlorinated Biphenyl) and PCDD/Fs (polychlorinated dibenzo-p-dioxin/dibenzofuran) | PHCs (petroleum hydrocarbons)",12,180,280,238.63
ON,Ontario,Toronto,Don River at York Mills,43.740250,-79.403139,1,Unknown,"Metal, metalloid, and organometallic",1,,,
ON,Ontario,Toronto,Downsview Closure,Unknown,Unknown,2,Unknown | Oil/Petroleum (PHCs),"Metal, metalloid, and organometallic | Other Physical/Chemical (pH, temperature, dissolved solids, turbidity, etc.) | PHCs (petroleum hydrocarbons)",3,180,280,238.63
ON,Ontario,Toronto,Etobicoke Armoury,43.604200,-79.501900,2,Unknown | Oil/Petroleum (PHCs),"Metal, metalloid, and organometallic | Other organics | PHCs (petroleum hydrocarbons) | PAHs (polycyclic aromatic hydrocarbon)",7,180,280,238.63
ON,Ontario,Toronto,Fire Fighting Training Area (Downsview),Unknown,Unknown,1,Oil/Petroleum (PHCs),PHCs (petroleum hydrocarbons),1,180,280,238.63
ON,Ontario,Toronto,Former Building 115 (Downsview),Unknown,Unknown,1,Unknown,Other inorganics,1,,,
ON,Ontario,Toronto,Former Bunker 'C' DeHavilland Plant Area (Downsview),Unknown,Unknown,1,Unknown,Other inorganics,1,,,
ON,Ontario,Toronto,Former No.1 Canadian Forces Supply Depot (Downsview),Unknown,Unknown,1,Unknown,Other inorganics,1,,,
ON,Ontario,Toronto,Former POL Compound Building 107 (Downsview),Unknown,Unknown,2,Unknown | Oil/Petroleum (PHCs),"Other organics | BTEXs (benzene, toluene, ethylbenzene, and xylene) | PAHs (polycyclic aromatic hydrocarbon) | PHCs (petroleum hydrocarbons)",4,180,280,238.63
ON,Ontario,Toronto,Former Sewage Treatment Plant (Downsview),Unknown,Unknown,2,Unknown | Oil/Petroleum (PHCs),"Metal, metalloid, and organometallic | PHCs (petroleum hydrocarbons)",2,180,280,238.63
ON,Ontario,Toronto,Former USTs Building 107 (Downsview),Unknown,Unknown,1,Oil/Petroleum (PHCs),"BTEXs (benzene, toluene, ethylbenzene, and xylene) | PHCs (petroleum hydrocarbons)",2,180,280,238.63
ON,Ontario,Toronto,Former building 102 (Downsview),Unknown,Unknown,1,Unknown,Other inorganics,1,,,
ON,Ontario,Toronto,Former building 131 (Downsview),Unknown,Unknown,1,Oil/Petroleum (PHCs),PHCs (petroleum hydrocarbons),1,180,280,238.63
ON,Ontario,Toronto,Fort York //,43.636900,-79.407800,2,Oil/Petroleum (PHCs) | Unknown,"BTEXs (benzene, toluene, ethylbenzene, and xylene) | Other organics | PAHs (polycyclic aromatic hydrocarbon) | PHCs (petroleum hydrocarbons) | Metal, metalloid, and organometallic",7,180,280,238.63
ON,Ontario,Toronto,Gravel Parking Lot Construction Eng. Section (Downsview),Unknown,Unknown,1,Unknown,Other inorganics,1,,,
ON,Ontario,Toronto,HMCS York,43.633900,-79.401900,2,Unknown | Oil/Petroleum (PHCs),"Metal, metalloid, and organometallic | Other organics | PHCs (petroleum hydrocarbons) | PAHs (polycyclic aromatic hydrocarbon)",5,180,280,238.63
ON,Ontario,Toronto,Health Canada Laboratory,43.776653,-79.272697,1,Oil/Petroleum (PHCs),PAHs (polycyclic aromatic hydrocarbon) | PHCs (petroleum hydrocarbons),2,180,280,238.63
ON,Ontario,Toronto,Little Rouge Creek at Scarborough,43.813889,-79.156944,1,Unknown,"Metal, metalloid, and organometallic",2,,,
ON,Ontario,Toronto,Moss Park Armoury,43.654700,-79.373100,2,Unknown | Oil/Petroleum (PHCs),"Metal, metalloid, and organometallic | PAHs (polycyclic aromatic hydrocarbon)",3,180,280,238.63
ON,Ontario,Toronto,Passmore,43.832900,-79.238300,1,Unknown,Isotopes,1,,,
ON,Ontario,Toronto,Plant 1 Former DeHavilland Plant Area (Downsview),Unknown,Unknown,1,Oil/Petroleum (PHCs),PHCs (petroleum hydrocarbons),1,180,280,238.63
ON,Ontario,Toronto,Plant 2 Former DeHavilland Plant Area (Downsview),Unknown,Unknown,1,Unknown,"Metal, metalloid, and organometallic",1,,,
ON,Ontario,Toronto,Plant 3 Former DeHavilland Plant Area (Downsview),Unknown,Unknown,2,Unknown | Oil/Petroleum (PHCs),"Metal, metalloid, and organometallic | PHCs (petroleum hydrocarbons)",2,180,280,238.63
ON,Ontario,Toronto,Portland Slip,43.635800,-79.395500,2,Unknown | Oil/Petroleum (PHCs),"Metal, metalloid, and organometallic | PAHs (polycyclic aromatic hydrocarbon) | PHCs (petroleum hydrocarbons) | Pesticides",4,180,280,238.63
ON,Ontario,Toronto,RCSU Warehouse,43.781512,-79.492002,1,Oil/Petroleum (PHCs),PHCs (petroleum hydrocarbons),1,180,280,238.63
ON,Ontario,Toronto,Rouge River at Scarborough,43.811111,-79.159722,1,Unknown,"Metal, metalloid, and organometallic",1,,,
ON,Ontario,Toronto,Scarborough Armoury,43.787200,-79.242500,1,Oil/Petroleum (PHCs),PHCs (petroleum hydrocarbons),1,180,280,238.63
ON,Ontario,Toronto,Spadina Quay Marina,43.636100,-79.393400,2,Oil/Petroleum (PHCs) | Unknown,PAHs (polycyclic aromatic hydrocarbon) | PHCs (petroleum hydrocarbons) | Pesticides,3,180,280,238.63
ON,Ontario,Toronto,Spadina Slip,43.637300,-79.391500,2,Oil/Petroleum (PHCs) | Unknown,PAHs (polycyclic aromatic hydrocarbon) | PHCs (petroleum hydrocarbons) | Pesticides,3,180,280,238.63
ON,Ontario,Toronto,TMFRC,Unknown,Unknown,2,Unknown | Oil/Petroleum (PHCs),"Metal, metalloid, and organometallic | Other organics | PHCs (petroleum hydrocarbons)",3,180,280,238.63
ON,Ontario,Toronto,"TORONTO (BLUFFERS PARK) (Sediment, SW Corner of Property)",43.709165,-79.228343,1,Unknown,"Metal, metalloid, and organometallic",1,,,
ON,Ontario,Toronto,"TORONTO (BLUFFERS PARK) (Soil,Eastern Tip of West breakwater)",43.708028,-79.232611,1,Unknown,"Metal, metalloid, and organometallic | Other Physical/Chemical (pH, temperature, dissolved solids, turbidity, etc.)",2,,,
ON,Ontario,Toronto,Toronto Main Harbour Channel Front (Daybeacon),43.634837,-79.346986,2,Unknown | Oil/Petroleum (PHCs),"Metal, metalloid, and organometallic | Other inorganics | BTEXs (benzene, toluene, ethylbenzene, and xylene) | PHCs (petroleum hydrocarbons) | PAHs (polycyclic aromatic hydrocarbon)",7,180,280,238.63
ON,Ontario,Toronto,Toronto Maintenance Center,43.610556,-79.509444,2,Unknown | Oil/Petroleum (PHCs),Other inorganics | PHCs (petroleum hydrocarbons),2,180,280,238.63
ON,Ontario,Toronto,Toronto Training Area,Unknown,Unknown,1,Unknown,"Metal, metalloid, and organometallic",1,,,
ON,Ontario,Toronto,Unknown,Unknown,Unknown,2,Oil/Petroleum (PHCs) | Unknown,"BTEXs (benzene, toluene, ethylbenzene, and xylene) | Metal, metalloid, and organometallic | PAHs (polycyclic aromatic hydrocarbon) | PHCs (petroleum hydrocarbons)",7,180,280,238.63
ON,Ontario,Toronto,VIA TMC,43.610556,-79.509444,2,Oil/Petroleum (PHCs) | Unknown,"BTEXs (benzene, toluene, ethylbenzene, and xylene) | Metal, metalloid, and organometallic | PAHs (polycyclic aromatic hydrocarbon) | PHCs (petroleum hydrocarbons)",4,180,280,238.63
QC,Quebec,Montreal,100 tons balance,45.575800,-73.525800,1,Unknown,"Metal, metalloid, and organometallic",1,,,
QC,Quebec,Montreal,"105 McGill Street and 400 Place D'Youville, Montreal",45.500001,-73.555956,2,Unknown | Oil/Petroleum (PHCs),"Metal, metalloid, and organometallic | PAHs (polycyclic aromatic hydrocarbon) | PHCs (petroleum hydrocarbons)",3,180,280,230
QC,Quebec,Montreal,200 places prkng Mtl Garrison,45.577100,-73.533100,2,Unknown | Oil/Petroleum (PHCs),"Metal, metalloid, and organometallic | PAHs (polycyclic aromatic hydrocarbon)",2,180,280,230
QC,Quebec,Montreal,"46 St-Jacques, Montreal",45.506000,-73.557000,2,Unknown | Oil/Petroleum (PHCs),"Metal, metalloid, and organometallic | PAHs (polycyclic aromatic hydrocarbon) | PHCs (petroleum hydrocarbons)",3,180,280,230
QC,Quebec,Montreal,"643,645, 655 and 655A Montée de Liesse; Lots 1 892 534 and 1 892 535",45.482533,-73.710536,1,Unknown,"Metal, metalloid, and organometallic",1,,,
QC,Quebec,Montreal,AB- Section 10,45.489590,-73.547610,2,Unknown | Oil/Petroleum (PHCs),"Metal, metalloid, and organometallic | Other organics | PAHs (polycyclic aromatic hydrocarbon)",3,180,280,230
QC,Quebec,Montreal,Access ramp and docks repairs Montréal Garrison,45.576700,-73.521900,1,Oil/Petroleum (PHCs),PAHs (polycyclic aromatic hydrocarbon),1,180,280,230
QC,Quebec,Montreal,"Atwater Boulevard, North of HWY 15, Montreal",45.476146,-73.573801,2,Unknown | Oil/Petroleum (PHCs),"Metal, metalloid, and organometallic | PAHs (polycyclic aromatic hydrocarbon)",2,180,280,230
QC,Quebec,Montreal,Behind Kitchen (B155) - Montreal garrison,45.578600,-73.530800,1,Unknown,"Metal, metalloid, and organometallic",1,,,
QC,Quebec,Montreal,"Boulevard Atwater, South of HWY 15, Montreal",45.473089,-73.572386,2,Unknown | Oil/Petroleum (PHCs),"Metal, metalloid, and organometallic | PAHs (polycyclic aromatic hydrocarbon)",2,180,280,230
QC,Quebec,Montreal,"Boulevard LaSalle, South of HWY 15, Montreal",45.474016,-73.570171,2,Unknown | Oil/Petroleum (PHCs),"Metal, metalloid, and organometallic | PAHs (polycyclic aromatic hydrocarbon)",2,180,280,230
QC,Quebec,Montreal,Brossard,45.471036,-73.544213,2,Unknown | Oil/Petroleum (PHCs),"Metal, metalloid, and organometallic | PAHs (polycyclic aromatic hydrocarbon)",2,180,280,230
QC,Quebec,Montreal,Building E,45.515550,-73.660000,1,Oil/Petroleum (PHCs),PAHs (polycyclic aromatic hydrocarbon) | PHCs (petroleum hydrocarbons),2,180,280,230
QC,Quebec,Montreal,Canal sediments,45.461390,-73.602971,2,Unknown | Oil/Petroleum (PHCs),"Metal, metalloid, and organometallic | PAHs (polycyclic aromatic hydrocarbon) | PCBs (Polychlorinated Biphenyl) and PCDD/Fs (polychlorinated dibenzo-p-dioxin/dibenzofuran) | PHCs (petroleum hydrocarbons)",4,180,280,230
QC,Quebec,Montreal,Cathcart Armoury,45.502300,-73.569700,1,Oil/Petroleum (PHCs),PHCs (petroleum hydrocarbons),2,180,280,230
QC,Quebec,Montreal,"Central thermal retaining wall, Bldg 37 Montreal Garrison",45.576400,-73.519200,1,Oil/Petroleum (PHCs),PAHs (polycyclic aromatic hydrocarbon) | PHCs (petroleum hydrocarbons),2,180,280,230
QC,Quebec,Montreal,Champlain Bridge,45.472740,-73.550920,2,Unknown | Oil/Petroleum (PHCs),"Metal, metalloid, and organometallic | PAHs (polycyclic aromatic hydrocarbon) | PHCs (petroleum hydrocarbons)",3,180,280,230
QC,Quebec,Montreal,Construction of CSC building Montréal,45.575800,-73.525800,1,Unknown,"Metal, metalloid, and organometallic",1,,,
QC,Quebec,Montreal,Depot C - occupied by lessee,45.468865,-73.747621,2,Oil/Petroleum (PHCs) | Unknown,"PAHs (polycyclic aromatic hydrocarbon) | PHCs (petroleum hydrocarbons) | Metal, metalloid, and organometallic",3,180,280,230
QC,Quebec,Montreal,ETAP_approche_nord,45.468240,-73.533170,1,Unknown,"Metal, metalloid, and organometallic",1,,,
QC,Quebec,Montreal,Enlargement of LAV III testing ramp at 202 WKP,45.573600,-73.528100,2,Unknown | Oil/Petroleum (PHCs),"Metal, metalloid, and organometallic | PAHs (polycyclic aromatic hydrocarbon)",2,180,280,230
QC,Quebec,Montreal,FEC- Field Electrical Center,45.468865,-73.747621,1,Unknown,PCBs (Polychlorinated Biphenyl) and PCDD/Fs (polychlorinated dibenzo-p-dioxin/dibenzofuran),1,,,
QC,Quebec,Montreal,Former Biotechnology Research Institute - Montreal,45.486620,-73.673180,2,Unknown | Oil/Petroleum (PHCs),"Metal, metalloid, and organometallic | PAHs (polycyclic aromatic hydrocarbon)",2,180,280,230
QC,Quebec,Montreal,Former Building 12,45.579700,-73.524400,2,Unknown | Oil/Petroleum (PHCs),"Metal, metalloid, and organometallic | PAHs (polycyclic aromatic hydrocarbon)",2,180,280,230
QC,Quebec,Montreal,Former firefighter training site,45.468865,-73.747621,1,Oil/Petroleum (PHCs),PAHs (polycyclic aromatic hydrocarbon) | PHCs (petroleum hydrocarbons),2,180,280,230
QC,Quebec,Montreal,"Gaetan-Laberge Boulevard, North of HWY 15",45.474891,-73.549443,2,Unknown | Oil/Petroleum (PHCs),"Metal, metalloid, and organometallic | PAHs (polycyclic aromatic hydrocarbon) | PHCs (petroleum hydrocarbons)",3,180,280,230
QC,Quebec,Montreal,"Gaetan-Laberge Boulevard, South of HWY 15, Montreal",45.470644,-73.561643,2,Unknown | Oil/Petroleum (PHCs),"Metal, metalloid, and organometallic | PAHs (polycyclic aromatic hydrocarbon)",2,180,280,230
QC,Quebec,Montreal,Garage Construction LAV III,45.579700,-73.524400,1,Unknown,"Metal, metalloid, and organometallic",1,,,
QC,Quebec,Montreal,Hangar 10 local 151 drilling in floor of an old shop,45.577500,-73.516900,1,Unknown,"Metal, metalloid, and organometallic",1,,,
QC,Quebec,Montreal,"Highway 15, between Atwater and Gaetan-Laberge, Verdun, Montreal",45.471036,-73.544213,2,Unknown | Oil/Petroleum (PHCs),"Metal, metalloid, and organometallic | PAHs (polycyclic aromatic hydrocarbon)",2,180,280,230
QC,Quebec,Montreal,Ile Sainte-Hélène,45.520630,-73.535190,1,Oil/Petroleum (PHCs),PHCs (petroleum hydrocarbons),1,180,280,230
QC,Quebec,Montreal,"Indoor Firing Range L-123, ASU LP",45.576000,-73.526000,1,Unknown,"Metal, metalloid, and organometallic",1,,,
QC,Quebec,Montreal,Installation of an APU at building L-193,45.576700,-73.521900,1,Oil/Petroleum (PHCs),PAHs (polycyclic aromatic hydrocarbon),1,180,280,230
QC,Quebec,Montreal,JCP- section 7 (Terrains au sud de Viger),45.522265,-73.545678,1,Oil/Petroleum (PHCs),PAHs (polycyclic aromatic hydrocarbon) | PHCs (petroleum hydrocarbons),2,180,280,230
QC,Quebec,Montreal,JCP- section 8 (entre Viger et Maisonneuve Est),45.523996,-73.549640,2,Unknown | Oil/Petroleum (PHCs),"Metal, metalloid, and organometallic | PAHs (polycyclic aromatic hydrocarbon) | PHCs (petroleum hydrocarbons)",3,180,280,230
QC,Quebec,Montreal,JCP- section 9 (entre Ontario et Maisonneuve Est),45.525346,-73.553733,2,Unknown | Oil/Petroleum (PHCs),"Metal, metalloid, and organometallic | PAHs (polycyclic aromatic hydrocarbon) | PHCs (petroleum hydrocarbons)",3,180,280,230
QC,Quebec,Montreal,"L-10 South, ASU LP",45.577500,-73.516900,2,Unknown | Oil/Petroleum (PHCs),"Metal, metalloid, and organometallic | PAHs (polycyclic aromatic hydrocarbon)",2,180,280,230
QC,Quebec,Montreal,Lachine (rear range light),45.433130,-73.691960,1,Unknown,"Metal, metalloid, and organometallic",2,,,
QC,Quebec,Montreal,Layout of a salt shelter,45.575800,-73.525800,1,Oil/Petroleum (PHCs),PAHs (polycyclic aromatic hydrocarbon),1,180,280,230
QC,Quebec,Montreal,"Loading platform, L-3 North, ASU LP",45.577800,-73.526700,1,Unknown,"Metal, metalloid, and organometallic | Other Physical/Chemical (pH, temperature, dissolved solids, turbidity, etc.)",2,,,
QC,Quebec,Montreal,Longue Pointe Soil Clean-up,45.576100,-73.525200,1,Unknown,"Metal, metalloid, and organometallic",1,,,
QC,Quebec,Montreal,Lot 9 - former petroleum depot,45.468865,-73.747621,1,Oil/Petroleum (PHCs),PAHs (polycyclic aromatic hydrocarbon) | PHCs (petroleum hydrocarbons),2,180,280,230
QC,Quebec,Montreal,MMC,45.477814,-73.551406,2,Oil/Petroleum (PHCs) | Unknown,"BTEXs (benzene, toluene, ethylbenzene, and xylene) | Metal, metalloid, and organometallic | Other organics | PAHs (polycyclic aromatic hydrocarbon) | PHCs (petroleum hydrocarbons)",10,180,280,230
QC,Quebec,Montreal,"Mechanical Workshop L-3 North, ASU LP",45.576000,-73.526000,2,Unknown | Oil/Petroleum (PHCs),"Metal, metalloid, and organometallic | PHCs (petroleum hydrocarbons)",2,180,280,230
QC,Quebec,Montreal,"Mechanical Workshop, L-3, ASU Longue-Pointe South",45.576100,-73.525200,1,Unknown,"Metal, metalloid, and organometallic",2,,,
QC,Quebec,Montreal,Montreal soccer pitch,45.576500,-73.533300,3,Industrial Acids/Solvents | Unknown | Oil/Petroleum (PHCs),"Halogenated Hydrocarbon | Metal, metalloid, and organometallic | PAHs (polycyclic aromatic hydrocarbon) | PHCs (petroleum hydrocarbons)",4,180,900,378.33
QC,Quebec,Montreal,Multipurpose runway Montreal Garrison north side,45.575800,-73.525800,2,Unknown | Oil/Petroleum (PHCs),"Metal, metalloid, and organometallic | PAHs (polycyclic aromatic hydrocarbon)",2,180,280,230
QC,Quebec,Montreal,New Storage Area in Back of the Building,45.429400,-73.644700,2,Unknown | Oil/Petroleum (PHCs),"Metal, metalloid, and organometallic | PHCs (petroleum hydrocarbons)",2,180,280,230
QC,Quebec,Montreal,Normand-Maurice Building,45.482024,-73.584026,2,Unknown | Oil/Petroleum (PHCs),"Metal, metalloid, and organometallic | PAHs (polycyclic aromatic hydrocarbon) | PHCs (petroleum hydrocarbons)",3,180,280,230
QC,Quebec,Montreal,"Nun's Island Boulevard, Montreal",45.469234,-73.545800,1,Oil/Petroleum (PHCs),PAHs (polycyclic aromatic hydrocarbon),1,180,280,230
QC,Quebec,Montreal,"Nun's Island, Montreal",45.471036,-73.544213,1,Oil/Petroleum (PHCs),PAHs (polycyclic aromatic hydrocarbon),1,180,280,230
QC,Quebec,Montreal,Old Port of Montreal,45.505000,-73.550830,2,Unknown | Oil/Petroleum (PHCs),"Metal, metalloid, and organometallic | PAHs (polycyclic aromatic hydrocarbon) | PHCs (petroleum hydrocarbons)",40,180,280,230
QC,Quebec,Montreal,Old Port of Montreal - Confinement Cell,45.493272,-73.552467,2,Unknown | Oil/Petroleum (PHCs),"Metal, metalloid, and organometallic | PAHs (polycyclic aromatic hydrocarbon)",4,180,280,230
QC,Quebec,Montreal,Old Port of Montreal - Horloge Basin,45.505000,-73.550830,2,Unknown | Oil/Petroleum (PHCs),"Metal, metalloid, and organometallic | PAHs (polycyclic aromatic hydrocarbon) | PHCs (petroleum hydrocarbons)",3,180,280,230
QC,Quebec,Montreal,"Outdoor Firing Range L-139, ASU LP",45.576000,-73.526000,1,Unknown,"Metal, metalloid, and organometallic",1,,,
QC,Quebec,Montreal,Outside Building B,45.514878,-73.660694,1,Industrial Acids/Solvents,Halogenated Hydrocarbon,1,450,900,675
QC,Quebec,Montreal,Parcel 1,45.480931,-73.538748,2,Unknown | Oil/Petroleum (PHCs),"Metal, metalloid, and organometallic | PAHs (polycyclic aromatic hydrocarbon) | PCBs (Polychlorinated Biphenyl) and PCDD/Fs (polychlorinated dibenzo-p-dioxin/dibenzofuran) | PHCs (petroleum hydrocarbons)",8,180,280,230
QC,Quebec,Montreal,Parcel 2,45.472620,-73.553790,1,Unknown,"Metal, metalloid, and organometallic",2,,,
QC,Quebec,Montreal,Parcel 3,45.472620,-73.553790,1,Unknown,"Metal, metalloid, and organometallic",2,,,
QC,Quebec,Montreal,Parcel 4,45.472620,-73.553790,1,Unknown,"Metal, metalloid, and organometallic",2,,,
QC,Quebec,Montreal,Parking - South Section (Notre Dame) ASU LP,45.576000,-73.526000,1,Oil/Petroleum (PHCs),PHCs (petroleum hydrocarbons),1,180,280,230
QC,Quebec,Montreal,"Parking at south L-6, ASU LP",45.576000,-73.526000,1,Oil/Petroleum (PHCs),PHCs (petroleum hydrocarbons),1,180,280,230
QC,Quebec,Montreal,Pont Clément,45.475205,-73.541583,2,Unknown | Oil/Petroleum (PHCs),"Other inorganics | BTEXs (benzene, toluene, ethylbenzene, and xylene) | Metal, metalloid, and organometallic | PAHs (polycyclic aromatic hydrocarbon)",4,180,280,230
QC,Quebec,Montreal,Prairies River at Cheval Blanc Rapids,45.518300,-73.842500,1,Unknown,"Metal, metalloid, and organometallic",1,,,
QC,Quebec,Montreal,Putting drain arnd bldg L-42,45.574200,-73.519000,1,Unknown,"Metal, metalloid, and organometallic",1,,,
QC,Quebec,Montreal,"Rene-Levesque Boulevard, North of HWY 15, Nun's Island",45.471000,-73.542000,1,Oil/Petroleum (PHCs),PAHs (polycyclic aromatic hydrocarbon),1,180,280,230
QC,Quebec,Montreal,"Rene-Levesque Boulevard, South of HWY 15, Nun's Island",45.469004,-73.535153,1,Oil/Petroleum (PHCs),PAHs (polycyclic aromatic hydrocarbon),1,180,280,230
QC,Quebec,Montreal,"Sector Slag Studies, ASU LP",45.576700,-73.521900,1,Oil/Petroleum (PHCs),PHCs (petroleum hydrocarbons),1,180,280,230
QC,Quebec,Montreal,Site 01.1,45.430100,-73.677550,2,Unknown | Oil/Petroleum (PHCs),"Metal, metalloid, and organometallic | PAHs (polycyclic aromatic hydrocarbon) | PHCs (petroleum hydrocarbons)",5,180,280,230
QC,Quebec,Montreal,Site 01.2,45.432098,-73.679543,2,Unknown | Oil/Petroleum (PHCs),"Metal, metalloid, and organometallic | PAHs (polycyclic aromatic hydrocarbon) | PHCs (petroleum hydrocarbons)",8,180,280,230
QC,Quebec,Montreal,Site 01.3,45.430801,-73.670532,2,Unknown | Oil/Petroleum (PHCs),"Metal, metalloid, and organometallic | Other organics | PAHs (polycyclic aromatic hydrocarbon)",5,180,280,230
QC,Quebec,Montreal,Site 02.1,45.431000,-73.666191,2,Unknown | Oil/Petroleum (PHCs),"Metal, metalloid, and organometallic | PAHs (polycyclic aromatic hydrocarbon)",4,180,280,230
QC,Quebec,Montreal,Site 02.2.0,45.431314,-73.668306,2,Unknown | Oil/Petroleum (PHCs),"Metal, metalloid, and organometallic | PAHs (polycyclic aromatic hydrocarbon) | PHCs (petroleum hydrocarbons)",3,180,280,230
QC,Quebec,Montreal,Site 02.3,45.431599,-73.665421,2,Unknown | Oil/Petroleum (PHCs),"Metal, metalloid, and organometallic | PAHs (polycyclic aromatic hydrocarbon)",2,180,280,230
QC,Quebec,Montreal,Site 03.1,45.433498,-73.662918,2,Oil/Petroleum (PHCs) | Unknown,"BTEXs (benzene, toluene, ethylbenzene, and xylene) | Metal, metalloid, and organometallic | PAHs (polycyclic aromatic hydrocarbon) | PHCs (petroleum hydrocarbons)",7,180,280,230
QC,Quebec,Montreal,Site 03.2.1,45.435001,-73.659882,2,Unknown | Oil/Petroleum (PHCs),"Metal, metalloid, and organometallic | PAHs (polycyclic aromatic hydrocarbon)",3,180,280,230
QC,Quebec,Montreal,Site 03.2.2,45.435600,-73.658173,2,Unknown | Oil/Petroleum (PHCs),"Metal, metalloid, and organometallic | PAHs (polycyclic aromatic hydrocarbon)",2,180,280,230
QC,Quebec,Montreal,Site 03.2.3,45.435200,-73.658836,2,Unknown | Oil/Petroleum (PHCs),"Metal, metalloid, and organometallic | PAHs (polycyclic aromatic hydrocarbon) | PHCs (petroleum hydrocarbons)",6,180,280,230
QC,Quebec,Montreal,Site 03.2.4,45.436100,-73.657227,2,Unknown | Oil/Petroleum (PHCs),"Metal, metalloid, and organometallic | PAHs (polycyclic aromatic hydrocarbon)",3,180,280,230
QC,Quebec,Montreal,Site 03.3,45.432701,-73.662392,2,Unknown | Oil/Petroleum (PHCs),"Metal, metalloid, and organometallic | PAHs (polycyclic aromatic hydrocarbon)",2,180,280,230
QC,Quebec,Montreal,Site 03.4,45.434399,-73.658562,1,Unknown,"Metal, metalloid, and organometallic",1,,,
QC,Quebec,Montreal,Site 03.5,45.435398,-73.656387,1,Unknown,"Other Physical/Chemical (pH, temperature, dissolved solids, turbidity, etc.)",1,,,
QC,Quebec,Montreal,Site 04.1.1,45.437500,-73.653458,2,Unknown | Oil/Petroleum (PHCs),"Metal, metalloid, and organometallic | PAHs (polycyclic aromatic hydrocarbon) | PHCs (petroleum hydrocarbons)",3,180,280,230
QC,Quebec,Montreal,Site 04.1.2,45.438599,-73.651550,2,Unknown | Oil/Petroleum (PHCs),"Metal, metalloid, and organometallic | PAHs (polycyclic aromatic hydrocarbon)",2,180,280,230
QC,Quebec,Montreal,Site 04.1.3,45.439499,-73.650681,2,Unknown | Oil/Petroleum (PHCs),"Metal, metalloid, and organometallic | PAHs (polycyclic aromatic hydrocarbon) | PHCs (petroleum hydrocarbons)",4,180,280,230
QC,Quebec,Montreal,Site 04.2.1,45.439800,-73.649078,2,Oil/Petroleum (PHCs) | Unknown,"PAHs (polycyclic aromatic hydrocarbon) | Metal, metalloid, and organometallic | PCBs (Polychlorinated Biphenyl) and PCDD/Fs (polychlorinated dibenzo-p-dioxin/dibenzofuran) | PHCs (petroleum hydrocarbons)",6,180,280,230
QC,Quebec,Montreal,Site 04.2.2,45.441002,-73.646759,2,Unknown | Oil/Petroleum (PHCs),"Metal, metalloid, and organometallic | PAHs (polycyclic aromatic hydrocarbon) | PHCs (petroleum hydrocarbons)",3,180,280,230
QC,Quebec,Montreal,Site 04.2.3,45.441101,-73.646309,2,Unknown | Oil/Petroleum (PHCs),"Metal, metalloid, and organometallic | PAHs (polycyclic aromatic hydrocarbon) | PHCs (petroleum hydrocarbons)",4,180,280,230
QC,Quebec,Montreal,Site 04.3,45.440800,-73.650078,2,Oil/Petroleum (PHCs) | Unknown,"BTEXs (benzene, toluene, ethylbenzene, and xylene) | PAHs (polycyclic aromatic hydrocarbon) | Metal, metalloid, and organometallic | PHCs (petroleum hydrocarbons)",10,180,280,230
QC,Quebec,Montreal,Site 04.4,45.435101,-73.656960,1,Unknown,"Metal, metalloid, and organometallic",1,,,
QC,Quebec,Montreal,Site 04.5,45.436798,-73.652908,2,Unknown | Oil/Petroleum (PHCs),"Metal, metalloid, and organometallic | PAHs (polycyclic aromatic hydrocarbon) | PHCs (petroleum hydrocarbons)",3,180,280,230
QC,Quebec,Montreal,Site 04.6,45.437801,-73.652618,2,Oil/Petroleum (PHCs) | Unknown,"PAHs (polycyclic aromatic hydrocarbon) | Metal, metalloid, and organometallic",3,180,280,230
QC,Quebec,Montreal,Site 04.7,45.441601,-73.644951,2,Unknown | Oil/Petroleum (PHCs),"Metal, metalloid, and organometallic | PAHs (polycyclic aromatic hydrocarbon) | BTEXs (benzene, toluene, ethylbenzene, and xylene) | PHCs (petroleum hydrocarbons)",6,180,280,230
QC,Quebec,Montreal,Site 05.1,45.442101,-73.643867,1,Unknown,"Metal, metalloid, and organometallic",1,,,
QC,Quebec,Montreal,Site 05.2,45.441299,-73.644241,1,Oil/Petroleum (PHCs),PAHs (polycyclic aromatic hydrocarbon),1,180,280,230
QC,Quebec,Montreal,Site 05.4,45.439400,-73.647987,1,Oil/Petroleum (PHCs),PAHs (polycyclic aromatic hydrocarbon),1,180,280,230
QC,Quebec,Montreal,Site 06.1,45.444199,-73.638519,2,Unknown | Oil/Petroleum (PHCs),"Metal, metalloid, and organometallic | PAHs (polycyclic aromatic hydrocarbon) | PHCs (petroleum hydrocarbons)",6,180,280,230
QC,Quebec,Montreal,Site 06.2,45.443600,-73.638023,2,Unknown | Oil/Petroleum (PHCs),"Metal, metalloid, and organometallic | PAHs (polycyclic aromatic hydrocarbon)",2,180,280,230
QC,Quebec,Montreal,Site 07.1 (north deposit site),45.448101,-73.630096,1,Oil/Petroleum (PHCs),PAHs (polycyclic aromatic hydrocarbon) | PHCs (petroleum hydrocarbons),2,180,280,230
QC,Quebec,Montreal,Site 07.2,45.448200,-73.629692,2,Unknown | Oil/Petroleum (PHCs),"Metal, metalloid, and organometallic | PAHs (polycyclic aromatic hydrocarbon)",4,180,280,230
QC,Quebec,Montreal,Site 07.3,45.448299,-73.628464,2,Unknown | Oil/Petroleum (PHCs),"Metal, metalloid, and organometallic | PAHs (polycyclic aromatic hydrocarbon)",2,180,280,230
QC,Quebec,Montreal,Site 08.1,45.452900,-73.624130,2,Oil/Petroleum (PHCs) | Unknown,"PAHs (polycyclic aromatic hydrocarbon) | Metal, metalloid, and organometallic",3,180,280,230
QC,Quebec,Montreal,Site 08.2,45.453098,-73.622353,2,Unknown | Oil/Petroleum (PHCs),"Metal, metalloid, and organometallic | PAHs (polycyclic aromatic hydrocarbon)",2,180,280,230
QC,Quebec,Montreal,Site 08.3,45.453899,-73.621231,2,Unknown | Oil/Petroleum (PHCs),"Other organics | PAHs (polycyclic aromatic hydrocarbon) | Metal, metalloid, and organometallic",6,180,280,230
QC,Quebec,Montreal,Site 08.5,45.457001,-73.615753,2,Oil/Petroleum (PHCs) | Unknown,"PAHs (polycyclic aromatic hydrocarbon) | Metal, metalloid, and organometallic",3,180,280,230
QC,Quebec,Montreal,Site 08.6  (north deposit site),45.457199,-73.616791,2,Unknown | Oil/Petroleum (PHCs),"Metal, metalloid, and organometallic | PAHs (polycyclic aromatic hydrocarbon)",2,180,280,230
QC,Quebec,Montreal,Site 09.1 (North deposit site),45.460800,-73.606178,2,Unknown | Oil/Petroleum (PHCs),"Metal, metalloid, and organometallic | PAHs (polycyclic aromatic hydrocarbon)",4,180,280,230
QC,Quebec,Montreal,Site 09.2,45.460602,-73.606361,2,Unknown | Oil/Petroleum (PHCs),"Metal, metalloid, and organometallic | PAHs (polycyclic aromatic hydrocarbon)",4,180,280,230
QC,Quebec,Montreal,Site 09.3.1,45.462200,-73.600121,1,Unknown,"Metal, metalloid, and organometallic",1,,,
QC,Quebec,Montreal,Site 09.3.2,45.461300,-73.602280,2,Unknown | Oil/Petroleum (PHCs),"Metal, metalloid, and organometallic | PAHs (polycyclic aromatic hydrocarbon) | PHCs (petroleum hydrocarbons)",3,180,280,230
QC,Quebec,Montreal,Site 09.3.3,45.460400,-73.604538,2,Unknown | Oil/Petroleum (PHCs),"Metal, metalloid, and organometallic | PAHs (polycyclic aromatic hydrocarbon)",3,180,280,230
QC,Quebec,Montreal,Site 09.4,45.458500,-73.610580,2,Unknown | Oil/Petroleum (PHCs),"Metal, metalloid, and organometallic | PAHs (polycyclic aromatic hydrocarbon)",2,180,280,230
QC,Quebec,Montreal,Site 1.2.1,45.431400,-73.672500,2,Unknown | Oil/Petroleum (PHCs),"Metal, metalloid, and organometallic | PAHs (polycyclic aromatic hydrocarbon)",2,180,280,230
QC,Quebec,Montreal,Site 10.1,45.463299,-73.597809,2,Unknown | Oil/Petroleum (PHCs),"Metal, metalloid, and organometallic | PAHs (polycyclic aromatic hydrocarbon)",2,180,280,230
QC,Quebec,Montreal,Site 10.2,45.462800,-73.598760,2,Oil/Petroleum (PHCs) | Unknown,"PAHs (polycyclic aromatic hydrocarbon) | Metal, metalloid, and organometallic",3,180,280,230
QC,Quebec,Montreal,Site 10.3,45.463402,-73.599159,1,Unknown,"Metal, metalloid, and organometallic",1,,,
QC,Quebec,Montreal,Site 10.4,45.463699,-73.598396,1,Unknown,"Metal, metalloid, and organometallic",1,,,
QC,Quebec,Montreal,Site 10.5,45.464600,-73.597130,1,Oil/Petroleum (PHCs),PAHs (polycyclic aromatic hydrocarbon),1,180,280,230
QC,Quebec,Montreal,Site 10.6,45.464802,-73.595673,2,Unknown | Oil/Petroleum (PHCs),"Metal, metalloid, and organometallic | PAHs (polycyclic aromatic hydrocarbon) | PHCs (petroleum hydrocarbons)",3,180,280,230
QC,Quebec,Montreal,Site 11.1,45.468102,-73.588188,2,Unknown | Oil/Petroleum (PHCs),"Metal, metalloid, and organometallic | PAHs (polycyclic aromatic hydrocarbon)",2,180,280,230
QC,Quebec,Montreal,Site 11.2,45.467700,-73.589289,2,Oil/Petroleum (PHCs) | Unknown,"BTEXs (benzene, toluene, ethylbenzene, and xylene) | Metal, metalloid, and organometallic | PAHs (polycyclic aromatic hydrocarbon)",3,180,280,230
QC,Quebec,Montreal,Site 11.3,45.468900,-73.586580,2,Unknown | Oil/Petroleum (PHCs),"Metal, metalloid, and organometallic | Other organics | PAHs (polycyclic aromatic hydrocarbon)",5,180,280,230
QC,Quebec,Montreal,Site 11.4,45.467304,-73.588348,2,Unknown | Oil/Petroleum (PHCs),"Metal, metalloid, and organometallic | PAHs (polycyclic aromatic hydrocarbon) | PHCs (petroleum hydrocarbons)",3,180,280,230
QC,Quebec,Montreal,Site 11.5,45.470299,-73.584038,2,Oil/Petroleum (PHCs) | Unknown,"PAHs (polycyclic aromatic hydrocarbon) | Metal, metalloid, and organometallic",3,180,280,230
QC,Quebec,Montreal,Site 11.6,45.469803,-73.583229,2,Unknown | Oil/Petroleum (PHCs),"Metal, metalloid, and organometallic | PAHs (polycyclic aromatic hydrocarbon)",4,180,280,230
QC,Quebec,Montreal,Site 11.7,45.468300,-73.585808,2,Unknown | Oil/Petroleum (PHCs),"Metal, metalloid, and organometallic | PAHs (polycyclic aromatic hydrocarbon)",2,180,280,230
QC,Quebec,Montreal,Site 12.2,45.472599,-73.581520,2,Unknown | Oil/Petroleum (PHCs),"Metal, metalloid, and organometallic | PAHs (polycyclic aromatic hydrocarbon)",2,180,280,230
QC,Quebec,Montreal,Site 13.1.1,45.472900,-73.579803,2,Unknown | Oil/Petroleum (PHCs),"Metal, metalloid, and organometallic | PAHs (polycyclic aromatic hydrocarbon)",2,180,280,230
QC,Quebec,Montreal,Site 13.1.2,45.473701,-73.579208,2,Unknown | Oil/Petroleum (PHCs),"Metal, metalloid, and organometallic | PAHs (polycyclic aromatic hydrocarbon)",4,180,280,230
QC,Quebec,Montreal,Site 13.1.3,45.477001,-73.575653,2,Unknown | Oil/Petroleum (PHCs),"Metal, metalloid, and organometallic | PAHs (polycyclic aromatic hydrocarbon)",4,180,280,230
QC,Quebec,Montreal,Site 13.10,45.484100,-73.567192,2,Unknown | Oil/Petroleum (PHCs),"Metal, metalloid, and organometallic | PAHs (polycyclic aromatic hydrocarbon)",4,180,280,230
QC,Quebec,Montreal,Site 13.11,45.485298,-73.565353,1,Oil/Petroleum (PHCs),PAHs (polycyclic aromatic hydrocarbon),1,180,280,230
QC,Quebec,Montreal,Site 13.2,45.477402,-73.576820,2,Unknown | Oil/Petroleum (PHCs),"Metal, metalloid, and organometallic | PAHs (polycyclic aromatic hydrocarbon) | PHCs (petroleum hydrocarbons)",4,180,280,230
QC,Quebec,Montreal,Site 13.3,45.483822,-73.569274,2,Unknown | Oil/Petroleum (PHCs),"Metal, metalloid, and organometallic | Other organics | PAHs (polycyclic aromatic hydrocarbon) | PHCs (petroleum hydrocarbons)",9,180,280,230
QC,Quebec,Montreal,Site 13.4,45.476898,-73.576141,1,Unknown,"Metal, metalloid, and organometallic",1,,,
QC,Quebec,Montreal,Site 13.5,45.478901,-73.573639,2,Unknown | Oil/Petroleum (PHCs),"Metal, metalloid, and organometallic | PAHs (polycyclic aromatic hydrocarbon)",4,180,280,230
QC,Quebec,Montreal,Site 13.6,45.481201,-73.570862,2,Unknown | Oil/Petroleum (PHCs),"Metal, metalloid, and organometallic | PAHs (polycyclic aromatic hydrocarbon)",4,180,280,230
QC,Quebec,Montreal,Site 13.7,45.480701,-73.571953,2,Unknown | Oil/Petroleum (PHCs),"Metal, metalloid, and organometallic | PAHs (polycyclic aromatic hydrocarbon)",3,180,280,230
QC,Quebec,Montreal,Site 13.8,45.482498,-73.569283,2,Unknown | Oil/Petroleum (PHCs),"Other organics | PHCs (petroleum hydrocarbons) | Metal, metalloid, and organometallic | PAHs (polycyclic aromatic hydrocarbon)",4,180,280,230
QC,Quebec,Montreal,Site 13.9,45.483398,-73.568230,2,Unknown | Oil/Petroleum (PHCs),"Metal, metalloid, and organometallic | PAHs (polycyclic aromatic hydrocarbon)",2,180,280,230
QC,Quebec,Montreal,Site 14.1.1,45.484600,-73.568130,2,Unknown | Oil/Petroleum (PHCs),"Metal, metalloid, and organometallic | PAHs (polycyclic aromatic hydrocarbon) | PHCs (petroleum hydrocarbons)",3,180,280,230
QC,Quebec,Montreal,Site 14.2,45.486198,-73.565140,1,Oil/Petroleum (PHCs),PHCs (petroleum hydrocarbons),1,180,280,230
QC,Quebec,Montreal,Site 14.3,45.488300,-73.561699,2,Unknown | Oil/Petroleum (PHCs),"Metal, metalloid, and organometallic | PAHs (polycyclic aromatic hydrocarbon)",4,180,280,230
QC,Quebec,Montreal,Site 14.4,45.486801,-73.562759,2,Unknown | Oil/Petroleum (PHCs),"Metal, metalloid, and organometallic | PAHs (polycyclic aromatic hydrocarbon)",2,180,280,230
QC,Quebec,Montreal,Site 14.7,45.488201,-73.560410,2,Oil/Petroleum (PHCs) | Unknown,"PAHs (polycyclic aromatic hydrocarbon) | Metal, metalloid, and organometallic",3,180,280,230
QC,Quebec,Montreal,Site 15.1,45.489899,-73.559280,2,Unknown | Oil/Petroleum (PHCs),"Metal, metalloid, and organometallic | PAHs (polycyclic aromatic hydrocarbon)",2,180,280,230
QC,Quebec,Montreal,Site 15.2,45.489799,-73.557060,2,Oil/Petroleum (PHCs) | Unknown,"PAHs (polycyclic aromatic hydrocarbon) | Metal, metalloid, and organometallic",3,180,280,230
QC,Quebec,Montreal,Site 15.4,45.490799,-73.554268,2,Unknown | Oil/Petroleum (PHCs),"Metal, metalloid, and organometallic | PAHs (polycyclic aromatic hydrocarbon) | PHCs (petroleum hydrocarbons)",3,180,280,230
QC,Quebec,Montreal,Site 15.5,45.490299,-73.551117,2,Unknown | Oil/Petroleum (PHCs),"Metal, metalloid, and organometallic | PAHs (polycyclic aromatic hydrocarbon) | PHCs (petroleum hydrocarbons)",3,180,280,230
QC,Quebec,Montreal,Site 15.6,45.490601,-73.557579,2,Unknown | Oil/Petroleum (PHCs),"Metal, metalloid, and organometallic | PAHs (polycyclic aromatic hydrocarbon) | PHCs (petroleum hydrocarbons) | BTEXs (benzene, toluene, ethylbenzene, and xylene)",6,180,280,230
QC,Quebec,Montreal,Site 15.7,45.490799,-73.552757,2,Oil/Petroleum (PHCs) | Unknown,"BTEXs (benzene, toluene, ethylbenzene, and xylene) | Metal, metalloid, and organometallic | PHCs (petroleum hydrocarbons) | PAHs (polycyclic aromatic hydrocarbon)",6,180,280,230
QC,Quebec,Montreal,Site 16.1 Peel Basin,45.492100,-73.554832,2,Unknown | Oil/Petroleum (PHCs),"Metal, metalloid, and organometallic | PAHs (polycyclic aromatic hydrocarbon) | PHCs (petroleum hydrocarbons)",3,180,280,230
QC,Quebec,Montreal,Site 8.4,45.457100,-73.614342,2,Unknown | Oil/Petroleum (PHCs),"Metal, metalloid, and organometallic | PAHs (polycyclic aromatic hydrocarbon)",2,180,280,230
QC,Quebec,Montreal,Site 9.1.1,45.461464,-73.604558,2,Unknown | Oil/Petroleum (PHCs),"Metal, metalloid, and organometallic | PAHs (polycyclic aromatic hydrocarbon) | PHCs (petroleum hydrocarbons)",9,180,280,230
QC,Quebec,Montreal,Site H,45.468865,-73.747621,2,Oil/Petroleum (PHCs) | Unknown,"PAHs (polycyclic aromatic hydrocarbon) | PHCs (petroleum hydrocarbons) | Metal, metalloid, and organometallic",3,180,280,230
QC,Quebec,Montreal,Soil assessment building 166,45.576100,-73.531700,1,Oil/Petroleum (PHCs),PHCs (petroleum hydrocarbons),1,180,280,230
QC,Quebec,Montreal,St-Grégoire Armoury,45.532600,-73.590900,1,Oil/Petroleum (PHCs),PAHs (polycyclic aromatic hydrocarbon),1,180,280,230
QC,Quebec,Montreal,Technoparc (industrial park) - Saint-Laurent,45.489983,-73.758774,1,Oil/Petroleum (PHCs),PHCs (petroleum hydrocarbons),1,180,280,230
QC,Quebec,Montreal,Test banch building 15,45.574500,-73.522600,2,Unknown | Oil/Petroleum (PHCs),"Metal, metalloid, and organometallic | PHCs (petroleum hydrocarbons)",2,180,280,230
QC,Quebec,Montreal,Tétreaultville - front range light,45.597380,-73.510540,1,Unknown,"Metal, metalloid, and organometallic",2,,,
QC,Quebec,Montreal,Underground infrastructure replacement - Montréal Garrison,45.575800,-73.525800,2,Unknown | Oil/Petroleum (PHCs),"Metal, metalloid, and organometallic | PAHs (polycyclic aromatic hydrocarbon)",2,180,280,230
QC,Quebec,Montreal,"Used snow sites, ASU LP",45.579700,-73.527800,3,Industrial Acids/Solvents | Unknown | Oil/Petroleum (PHCs),"Halogenated Hydrocarbon | Metal, metalloid, and organometallic | Other Physical/Chemical (pH, temperature, dissolved solids, turbidity, etc.) | Other inorganics | Other organics | PAHs (polycyclic aromatic hydrocarbon) | PHCs (petroleum hydrocarbons)",11,180,900,319
QC,Quebec,Montreal,Vacant site (lot 12) -firefighter training site No. 2,45.468865,-73.747621,2,Oil/Petroleum (PHCs) | Unknown,"PAHs (polycyclic aromatic hydrocarbon) | PHCs (petroleum hydrocarbons) | Metal, metalloid, and organometallic",3,180,280,230
QC,Quebec,Montreal,"Wellington Street, North of HWY 15, Montreal",45.473453,-73.562516,2,Oil/Petroleum (PHCs) | Unknown,"BTEXs (benzene, toluene, ethylbenzene, and xylene) | Metal, metalloid, and organometallic | PAHs (polycyclic aromatic hydrocarbon)",3,180,280,230
