province_code,city,site_name,latitude,longitude,sand_score,clay_score,drainage_score,organic_score,score_formula,final_percentage
BC,Vancouver,555 - Squamish - 00009 - KITSILANO NO. 6 - 0901112102,49.273892,-123.143086,,,,,(sand*0.30)+(clay*0.25)+(drainage*0.25)+(organic*0.20),
BC,Vancouver,Bessborough Armoury,49.262500,-123.151000,,,,,(sand*0.30)+(clay*0.25)+(drainage*0.25)+(organic*0.20),
BC,Vancouver,Fairmont Complex,49.239470,-123.122000,,,,,(sand*0.30)+(clay*0.25)+(drainage*0.25)+(organic*0.20),
BC,Vancouver,Former POL Storage Site at HMCS Discovery,49.296900,-123.123000,,,,,(sand*0.30)+(clay*0.25)+(drainage*0.25)+(organic*0.20),
BC,Vancouver,Harry Stevens Office Building,49.262260,-123.102240,,,,,(sand*0.30)+(clay*0.25)+(drainage*0.25)+(organic*0.20),
BC,Vancouver,Jericho Beach,49.267100,-123.191000,,,,,(sand*0.30)+(clay*0.25)+(drainage*0.25)+(organic*0.20),
BC,Vancouver,Kitsilano Coast Guard Station,49.276252,-123.138445,,,,,(sand*0.30)+(clay*0.25)+(drainage*0.25)+(organic*0.20),
BC,Vancouver,Seaforth Armoury,49.271100,-123.144000,,,,,(sand*0.30)+(clay*0.25)+(drainage*0.25)+(organic*0.20),
BC,Vancouver,Standards Building,49.265167,-123.026964,,,,,(sand*0.30)+(clay*0.25)+(drainage*0.25)+(organic*0.20),
BC,Vancouver,VANCOUVER (FALSE CREEK),49.272828,-123.138939,,,,,(sand*0.30)+(clay*0.25)+(drainage*0.25)+(organic*0.20),
BC,Vancouver,Vanier Park,49.276368,-123.142586,,,,,(sand*0.30)+(clay*0.25)+(drainage*0.25)+(organic*0.20),
BC,Vancouver,Workshop NE Corner of Building 21 at HMCS Discovery,49.296900,-123.123000,,,,,(sand*0.30)+(clay*0.25)+(drainage*0.25)+(organic*0.20),
ON,Ottawa,100 Bayview Road,45.407955,-75.725951,,,,,(sand*0.30)+(clay*0.25)+(drainage*0.25)+(organic*0.20),
ON,Ottawa,150 Middle Street,45.419895,-75.714145,,,,,(sand*0.30)+(clay*0.25)+(drainage*0.25)+(organic*0.20),
ON,Ottawa,"1501 St. Joseph, Ottawa",45.460512,-75.563249,,,,,(sand*0.30)+(clay*0.25)+(drainage*0.25)+(organic*0.20),
ON,Ottawa,156 Middle Street,45.419899,-75.714421,,,,,(sand*0.30)+(clay*0.25)+(drainage*0.25)+(organic*0.20),
ON,Ottawa,160 Middle Street,45.419112,-75.715639,,,,,(sand*0.30)+(clay*0.25)+(drainage*0.25)+(organic*0.20),
ON,Ottawa,160 Middle Street,45.419711,-75.714739,,,,,(sand*0.30)+(clay*0.25)+(drainage*0.25)+(organic*0.20),
ON,Ottawa,161 Middle Street,45.419577,-75.715977,,,,,(sand*0.30)+(clay*0.25)+(drainage*0.25)+(organic*0.20),
ON,Ottawa,1645 Woodroffe,45.328627,-75.746669,,,,,(sand*0.30)+(clay*0.25)+(drainage*0.25)+(organic*0.20),
ON,Ottawa,191 Colonel By Drive,45.421265,-75.685347,,,,,(sand*0.30)+(clay*0.25)+(drainage*0.25)+(organic*0.20),
ON,Ottawa,234 Atlantis Ave,45.396481,-75.759673,,,,,(sand*0.30)+(clay*0.25)+(drainage*0.25)+(organic*0.20),
ON,Ottawa,25 George Street,45.426789,-75.693531,,,,,(sand*0.30)+(clay*0.25)+(drainage*0.25)+(organic*0.20),
ON,Ottawa,250 Lanark - Graham Spry Building,45.397898,-75.752411,,,,,(sand*0.30)+(clay*0.25)+(drainage*0.25)+(organic*0.20),
ON,Ottawa,2606 Prince of Wales,45.315025,-75.702612,,,,,(sand*0.30)+(clay*0.25)+(drainage*0.25)+(organic*0.20),
ON,Ottawa,"3150 Davidson Road, Ottawa",45.344110,-75.616892,,,,,(sand*0.30)+(clay*0.25)+(drainage*0.25)+(organic*0.20),
ON,Ottawa,"3197 Davidson Road, Ottawa",45.345714,-75.614996,,,,,(sand*0.30)+(clay*0.25)+(drainage*0.25)+(organic*0.20),
ON,Ottawa,335 River Road,45.316091,-75.689987,,,,,(sand*0.30)+(clay*0.25)+(drainage*0.25)+(organic*0.20),
ON,Ottawa,"3448 Richmond Road, Ottawa",45.337486,-75.810121,,,,,(sand*0.30)+(clay*0.25)+(drainage*0.25)+(organic*0.20),
ON,Ottawa,350 King Edward (Former Bank of Canada Bldg),45.429740,-75.687650,,,,,(sand*0.30)+(clay*0.25)+(drainage*0.25)+(organic*0.20),
ON,Ottawa,3637 Bank Street,45.340804,-75.614105,,,,,(sand*0.30)+(clay*0.25)+(drainage*0.25)+(organic*0.20),
ON,Ottawa,3659 Carling Avenue,45.350416,-75.868965,,,,,(sand*0.30)+(clay*0.25)+(drainage*0.25)+(organic*0.20),
ON,Ottawa,"4727 Ridge Road, Ottawa, ON",45.394719,-75.562874,,,,,(sand*0.30)+(clay*0.25)+(drainage*0.25)+(organic*0.20),
ON,Ottawa,4787 Ridge Road,45.393740,-75.558366,,,,,(sand*0.30)+(clay*0.25)+(drainage*0.25)+(organic*0.20),
ON,Ottawa,4790 And 4800 Russell Rd,45.375192,-75.549854,,,,,(sand*0.30)+(clay*0.25)+(drainage*0.25)+(organic*0.20),
ON,Ottawa,555 Booth Street,45.402893,-75.705858,,,,,(sand*0.30)+(clay*0.25)+(drainage*0.25)+(organic*0.20),
ON,Ottawa,597 Robertson Road,45.309102,-75.865360,,,,,(sand*0.30)+(clay*0.25)+(drainage*0.25)+(organic*0.20),
ON,Ottawa,605 Robertson Road,45.308952,-75.865724,,,,,(sand*0.30)+(clay*0.25)+(drainage*0.25)+(organic*0.20),
ON,Ottawa,80 Bayview Garage,45.408128,-75.726649,,,,,(sand*0.30)+(clay*0.25)+(drainage*0.25)+(organic*0.20),
ON,Ottawa,80 Bayview Main Building,45.408637,-75.726977,,,,,(sand*0.30)+(clay*0.25)+(drainage*0.25)+(organic*0.20),
ON,Ottawa,80 Bayview Shed,45.407989,-75.727162,,,,,(sand*0.30)+(clay*0.25)+(drainage*0.25)+(organic*0.20),
ON,Ottawa,80 Bayview Shed 2,45.408234,-75.726707,,,,,(sand*0.30)+(clay*0.25)+(drainage*0.25)+(organic*0.20),
ON,Ottawa,90 Bayview Rd,45.408126,-75.726464,,,,,(sand*0.30)+(clay*0.25)+(drainage*0.25)+(organic*0.20),
ON,Ottawa,979 Heron Rd (Sawmill Creek West),45.378876,-75.678583,,,,,(sand*0.30)+(clay*0.25)+(drainage*0.25)+(organic*0.20),
ON,Ottawa,Anderson Rd (North Of Russell),45.379455,-75.539665,,,,,(sand*0.30)+(clay*0.25)+(drainage*0.25)+(organic*0.20),
ON,Ottawa,Area T-99 (TC Aviation Services),45.322612,-75.660009,,,,,(sand*0.30)+(clay*0.25)+(drainage*0.25)+(organic*0.20),
ON,Ottawa,Areas U-61 and U-62 (NRCan sublease),45.326082,-75.665352,,,,,(sand*0.30)+(clay*0.25)+(drainage*0.25)+(organic*0.20),
ON,Ottawa,Aylmer Island LL 1299 - Vicinity of the previous lightstation and associated buildings,45.397222,-75.888556,,,,,(sand*0.30)+(clay*0.25)+(drainage*0.25)+(organic*0.20),
ON,Ottawa,"Bank St, Conroy Rd, Park Lane (next to 3637 Bank Street)",45.340196,-75.607168,,,,,(sand*0.30)+(clay*0.25)+(drainage*0.25)+(organic*0.20),
ON,Ottawa,Bank Street/Highway 31 at Leitrim Road,45.334405,-75.599756,,,,,(sand*0.30)+(clay*0.25)+(drainage*0.25)+(organic*0.20),
ON,Ottawa,Baskin's Beach Range - Front Range Tower,45.479611,-76.007139,,,,,(sand*0.30)+(clay*0.25)+(drainage*0.25)+(organic*0.20),
ON,Ottawa,Baskin's Beach Range - Rear Range Tower,45.478028,-76.003417,,,,,(sand*0.30)+(clay*0.25)+(drainage*0.25)+(organic*0.20),
ON,Ottawa,Bate Island,45.408730,-75.756124,,,,,(sand*0.30)+(clay*0.25)+(drainage*0.25)+(organic*0.20),
ON,Ottawa,Bayview,45.408458,-75.727086,,,,,(sand*0.30)+(clay*0.25)+(drainage*0.25)+(organic*0.20),
ON,Ottawa,Bells Corners Complex,45.320459,-75.862178,,,,,(sand*0.30)+(clay*0.25)+(drainage*0.25)+(organic*0.20),
ON,Ottawa,Birks Building,45.422840,-75.697992,,,,,(sand*0.30)+(clay*0.25)+(drainage*0.25)+(organic*0.20),
ON,Ottawa,Booth Street,45.401974,-75.706879,,,,,(sand*0.30)+(clay*0.25)+(drainage*0.25)+(organic*0.20),
ON,Ottawa,Booth Street Buildings (William Logan and Administration ),45.399820,-75.705620,,,,,(sand*0.30)+(clay*0.25)+(drainage*0.25)+(organic*0.20),
ON,Ottawa,Booth Street Buildings (William Logan and Administration),45.399307,-75.705028,,,,,(sand*0.30)+(clay*0.25)+(drainage*0.25)+(organic*0.20),
ON,Ottawa,Booth Street Buildings (William Logan and Administration),45.399506,-75.705024,,,,,(sand*0.30)+(clay*0.25)+(drainage*0.25)+(organic*0.20),
ON,Ottawa,"Booth Street East, West of Wellington",45.421277,-75.715162,,,,,(sand*0.30)+(clay*0.25)+(drainage*0.25)+(organic*0.20),
ON,Ottawa,"Booth Street, West of LeBreton near Chaudiere Falls",45.418590,-75.720048,,,,,(sand*0.30)+(clay*0.25)+(drainage*0.25)+(organic*0.20),
ON,Ottawa,Building T-96 (car rental facility) - Ottawa Macdonald-Cartier International Airport,45.324444,-75.661535,,,,,(sand*0.30)+(clay*0.25)+(drainage*0.25)+(organic*0.20),
ON,Ottawa,Building T107 (Shell Tank Farm) - Ottawa Macdonald-Cartier International Airport,45.325433,-75.660996,,,,,(sand*0.30)+(clay*0.25)+(drainage*0.25)+(organic*0.20),
ON,Ottawa,Bulk fuel storage facility (Esso Tank Farm) - Ottawa Macdonald-Cartier International Airport,45.325192,-75.659773,,,,,(sand*0.30)+(clay*0.25)+(drainage*0.25)+(organic*0.20),
ON,Ottawa,Bureau of Medical Devices and Radiation Protection,45.374057,-75.685518,,,,,(sand*0.30)+(clay*0.25)+(drainage*0.25)+(organic*0.20),
ON,Ottawa,Burnside Site,45.409746,-75.730867,,,,,(sand*0.30)+(clay*0.25)+(drainage*0.25)+(organic*0.20),
ON,Ottawa,"CFS Leitrim, Former UST site between buildings #250D & #138",45.340800,-75.587700,,,,,(sand*0.30)+(clay*0.25)+(drainage*0.25)+(organic*0.20),
ON,Ottawa,CFSU Uplands Alert Road former Dump,45.330300,-75.641700,,,,,(sand*0.30)+(clay*0.25)+(drainage*0.25)+(organic*0.20),
ON,Ottawa,"CFSU(O) Leitrim, PWGSC Office Area, Building 251.",45.336200,-75.591100,,,,,(sand*0.30)+(clay*0.25)+(drainage*0.25)+(organic*0.20),
ON,Ottawa,CFSU(O) Rockcliffe PMQ Trailer Storage Compound,45.453000,-75.634600,,,,,(sand*0.30)+(clay*0.25)+(drainage*0.25)+(organic*0.20),
ON,Ottawa,CFSU(O) Uplands PMQ Trailer Storage Compound,45.339400,-75.674100,,,,,(sand*0.30)+(clay*0.25)+(drainage*0.25)+(organic*0.20),
ON,Ottawa,CONSTANCE BAY -   No Contamination Identified,45.501426,-76.077566,,,,,(sand*0.30)+(clay*0.25)+(drainage*0.25)+(organic*0.20),
ON,Ottawa,Canadian Police College RCMP,45.458262,-75.655787,,,,,(sand*0.30)+(clay*0.25)+(drainage*0.25)+(organic*0.20),
ON,Ottawa,"Cartier Square Armoury,Frmr UST,along drill hall Queen E.Dr.",45.421600,-75.688600,,,,,(sand*0.30)+(clay*0.25)+(drainage*0.25)+(organic*0.20),
ON,Ottawa,Center for Surface Transportation Technology,45.329094,-75.647795,,,,,(sand*0.30)+(clay*0.25)+(drainage*0.25)+(organic*0.20),
ON,Ottawa,Center for Surface Transportation Technology - Landfill,45.331430,-75.646046,,,,,(sand*0.30)+(clay*0.25)+(drainage*0.25)+(organic*0.20),
ON,Ottawa,Center for Surface Transportation Technology - Wetland,45.331903,-75.645504,,,,,(sand*0.30)+(clay*0.25)+(drainage*0.25)+(organic*0.20),
ON,Ottawa,Central Experimental Farm,45.372951,-75.728213,,,,,(sand*0.30)+(clay*0.25)+(drainage*0.25)+(organic*0.20),
ON,Ottawa,Central Experimental Farm,45.376532,-75.713571,,,,,(sand*0.30)+(clay*0.25)+(drainage*0.25)+(organic*0.20),
ON,Ottawa,Central Experimental Farm,45.386410,-75.700845,,,,,(sand*0.30)+(clay*0.25)+(drainage*0.25)+(organic*0.20),
ON,Ottawa,Central Experimental Farm,45.388725,-75.721649,,,,,(sand*0.30)+(clay*0.25)+(drainage*0.25)+(organic*0.20),
ON,Ottawa,Central Experimental Farm,45.388750,-75.711797,,,,,(sand*0.30)+(clay*0.25)+(drainage*0.25)+(organic*0.20),
ON,Ottawa,Central Experimental Farm,45.388855,-75.718056,,,,,(sand*0.30)+(clay*0.25)+(drainage*0.25)+(organic*0.20),
ON,Ottawa,Central Experimental Farm,45.388908,-75.711907,,,,,(sand*0.30)+(clay*0.25)+(drainage*0.25)+(organic*0.20),
ON,Ottawa,Central Experimental Farm,45.390595,-75.707163,,,,,(sand*0.30)+(clay*0.25)+(drainage*0.25)+(organic*0.20),
ON,Ottawa,Central Experimental Farm,45.390665,-75.720183,,,,,(sand*0.30)+(clay*0.25)+(drainage*0.25)+(organic*0.20),
ON,Ottawa,Central Experimental Farm,45.391030,-75.709620,,,,,(sand*0.30)+(clay*0.25)+(drainage*0.25)+(organic*0.20),
ON,Ottawa,Central Experimental Farm,45.391510,-75.706541,,,,,(sand*0.30)+(clay*0.25)+(drainage*0.25)+(organic*0.20),
ON,Ottawa,Central Experimental Farm,45.392749,-75.715835,,,,,(sand*0.30)+(clay*0.25)+(drainage*0.25)+(organic*0.20),
ON,Ottawa,Central Experimental Farm,45.393817,-75.706101,,,,,(sand*0.30)+(clay*0.25)+(drainage*0.25)+(organic*0.20),
ON,Ottawa,Central Heating Plant in Rockcliffe - Disposed to NCC,45.453000,-75.634600,,,,,(sand*0.30)+(clay*0.25)+(drainage*0.25)+(organic*0.20),
ON,Ottawa,Central LeBreton,45.414467,-75.715856,,,,,(sand*0.30)+(clay*0.25)+(drainage*0.25)+(organic*0.20),
ON,Ottawa,Centre Block Building,45.425144,-75.699893,,,,,(sand*0.30)+(clay*0.25)+(drainage*0.25)+(organic*0.20),
ON,Ottawa,"Champagne Corridor, Breezehill Ave At Somerset Street",45.407810,-75.720065,,,,,(sand*0.30)+(clay*0.25)+(drainage*0.25)+(organic*0.20),
ON,Ottawa,Chaudiere Island Lot P,45.420810,-75.715523,,,,,(sand*0.30)+(clay*0.25)+(drainage*0.25)+(organic*0.20),
ON,Ottawa,Chaudiere Island Lot Pa,45.421002,-75.715300,,,,,(sand*0.30)+(clay*0.25)+(drainage*0.25)+(organic*0.20),
ON,Ottawa,Cliff Street,45.418727,-75.710658,,,,,(sand*0.30)+(clay*0.25)+(drainage*0.25)+(organic*0.20),
ON,Ottawa,Cliff Street Central Heating Plant,45.421580,-75.706648,,,,,(sand*0.30)+(clay*0.25)+(drainage*0.25)+(organic*0.20),
ON,Ottawa,Colonel By Drive/Rideau Canal,45.419828,-75.681699,,,,,(sand*0.30)+(clay*0.25)+(drainage*0.25)+(organic*0.20),
ON,Ottawa,Communications Research Centre,45.346724,-75.889448,,,,,(sand*0.30)+(clay*0.25)+(drainage*0.25)+(organic*0.20),
ON,Ottawa,Communications Research Centre,45.353062,-75.902899,,,,,(sand*0.30)+(clay*0.25)+(drainage*0.25)+(organic*0.20),
ON,Ottawa,Confederation Heights Central Heating Plant,45.376350,-75.686890,,,,,(sand*0.30)+(clay*0.25)+(drainage*0.25)+(organic*0.20),
ON,Ottawa,Confederation Heights Insurance Building,45.376754,-75.687976,,,,,(sand*0.30)+(clay*0.25)+(drainage*0.25)+(organic*0.20),
ON,Ottawa,Confederation Park,45.419578,-75.683124,,,,,(sand*0.30)+(clay*0.25)+(drainage*0.25)+(organic*0.20),
ON,Ottawa,Connaught Range Primary Training Centre - Bldgs 142 & 143,45.357100,-75.901900,,,,,(sand*0.30)+(clay*0.25)+(drainage*0.25)+(organic*0.20),
ON,Ottawa,Connaught Range Primary Training Centre - Building 36,45.358000,-75.898700,,,,,(sand*0.30)+(clay*0.25)+(drainage*0.25)+(organic*0.20),
ON,Ottawa,Connaught Range Primary Training Centre Former Landfill Site,45.367100,-75.898700,,,,,(sand*0.30)+(clay*0.25)+(drainage*0.25)+(organic*0.20),
ON,Ottawa,Connaught Range Primary Training Ctre Former Transport Comp.,45.360000,-75.894800,,,,,(sand*0.30)+(clay*0.25)+(drainage*0.25)+(organic*0.20),
ON,Ottawa,Connaught Ranges Range Butt Stop Stockpile,45.357200,-75.908700,,,,,(sand*0.30)+(clay*0.25)+(drainage*0.25)+(organic*0.20),
ON,Ottawa,"Connaught Rnge Primary Trng Ctre,Various Former Supply Wells",45.356900,-75.901300,,,,,(sand*0.30)+(clay*0.25)+(drainage*0.25)+(organic*0.20),
ON,Ottawa,"Connaught Rnge Primary Trng Ctre- 35 Shirley Blvd, B34 AST",45.378600,-75.913400,,,,,(sand*0.30)+(clay*0.25)+(drainage*0.25)+(organic*0.20),
ON,Ottawa,Connaught Skeet Range,45.359900,-75.913600,,,,,(sand*0.30)+(clay*0.25)+(drainage*0.25)+(organic*0.20),
ON,Ottawa,"DND's Petroleum, oils & lubricants (POL) Compound",45.327274,-75.668786,,,,,(sand*0.30)+(clay*0.25)+(drainage*0.25)+(organic*0.20),
ON,Ottawa,"DND's Petroleum, oils and lubricants (POL) tank farm",45.333474,-75.658014,,,,,(sand*0.30)+(clay*0.25)+(drainage*0.25)+(organic*0.20),
ON,Ottawa,DND's former fire fighting training area,45.311341,-75.650096,,,,,(sand*0.30)+(clay*0.25)+(drainage*0.25)+(organic*0.20),
ON,Ottawa,DUNROBIN (Waterlot SE portion of the South Basin),45.477204,-75.993352,,,,,(sand*0.30)+(clay*0.25)+(drainage*0.25)+(organic*0.20),
ON,Ottawa,Dow's Lake Armoury and Drill Hall,45.395000,-75.706500,,,,,(sand*0.30)+(clay*0.25)+(drainage*0.25)+(organic*0.20),
ON,Ottawa,East Block Building,45.424600,-75.697360,,,,,(sand*0.30)+(clay*0.25)+(drainage*0.25)+(organic*0.20),
ON,Ottawa,East Part of Bank Street Valley (see 08835.005 for West Part),45.424300,-75.699190,,,,,(sand*0.30)+(clay*0.25)+(drainage*0.25)+(organic*0.20),
ON,Ottawa,East end of Building T-96,45.324755,-75.666661,,,,,(sand*0.30)+(clay*0.25)+(drainage*0.25)+(organic*0.20),
ON,Ottawa,East end of Building T-96 (National Car Rental facility),45.326414,-75.671888,,,,,(sand*0.30)+(clay*0.25)+(drainage*0.25)+(organic*0.20),
ON,Ottawa,Environmental Health Centre,45.409269,-75.735275,,,,,(sand*0.30)+(clay*0.25)+(drainage*0.25)+(organic*0.20),
ON,Ottawa,Former 9000 litre heating oil UST - 0-115,45.321709,-75.663677,,,,,(sand*0.30)+(clay*0.25)+(drainage*0.25)+(organic*0.20),
ON,Ottawa,Former B164/79 and via Venus,45.453207,-75.628381,,,,,(sand*0.30)+(clay*0.25)+(drainage*0.25)+(organic*0.20),
ON,Ottawa,Former Bayview Landfill,45.411187,-75.727235,,,,,(sand*0.30)+(clay*0.25)+(drainage*0.25)+(organic*0.20),
ON,Ottawa,"Former Central Heating Plant (Building 309), Uplands",45.331000,-75.667800,,,,,(sand*0.30)+(clay*0.25)+(drainage*0.25)+(organic*0.20),
ON,Ottawa,Former De-icing Area - Main Apron,45.326384,-75.676489,,,,,(sand*0.30)+(clay*0.25)+(drainage*0.25)+(organic*0.20),
ON,Ottawa,"Former Disposal Area, South of Water Tower, Shirleys Bay",45.357100,-75.890400,,,,,(sand*0.30)+(clay*0.25)+(drainage*0.25)+(organic*0.20),
ON,Ottawa,Former Dow's Lake Landfill and Commissioner's Park,45.396289,-75.707975,,,,,(sand*0.30)+(clay*0.25)+(drainage*0.25)+(organic*0.20),
ON,Ottawa,Former Dow's Lake Landfill and Commissioner's Park,45.402906,-75.681406,,,,,(sand*0.30)+(clay*0.25)+(drainage*0.25)+(organic*0.20),
ON,Ottawa,Former John Street Landfill,45.442055,-75.693432,,,,,(sand*0.30)+(clay*0.25)+(drainage*0.25)+(organic*0.20),
ON,Ottawa,Former Maple Island Landfill,45.439378,-75.691249,,,,,(sand*0.30)+(clay*0.25)+(drainage*0.25)+(organic*0.20),
ON,Ottawa,Former Maple Island Landfill,45.440179,-75.691874,,,,,(sand*0.30)+(clay*0.25)+(drainage*0.25)+(organic*0.20),
ON,Ottawa,Former McGee Farm Landfill,45.370075,-75.783802,,,,,(sand*0.30)+(clay*0.25)+(drainage*0.25)+(organic*0.20),
ON,Ottawa,Former NCC Building,45.400720,-75.703100,,,,,(sand*0.30)+(clay*0.25)+(drainage*0.25)+(organic*0.20),
ON,Ottawa,Former Sir John Carling Building,45.394120,-75.710870,,,,,(sand*0.30)+(clay*0.25)+(drainage*0.25)+(organic*0.20),
ON,Ottawa,Former USTs at the PMQs at Uplands,45.333800,-75.668800,,,,,(sand*0.30)+(clay*0.25)+(drainage*0.25)+(organic*0.20),
ON,Ottawa,Garden of Provinces et Territories,45.418555,-75.708310,,,,,(sand*0.30)+(clay*0.25)+(drainage*0.25)+(organic*0.20),
ON,Ottawa,Garden of The Provinces,45.418647,-75.708272,,,,,(sand*0.30)+(clay*0.25)+(drainage*0.25)+(organic*0.20),
ON,Ottawa,Gloucester Landfill,45.310088,-75.634646,,,,,(sand*0.30)+(clay*0.25)+(drainage*0.25)+(organic*0.20),
ON,Ottawa,"Golf Course Maintenance Compound (401), CFB Ottawa (south)",45.318000,-75.642300,,,,,(sand*0.30)+(clay*0.25)+(drainage*0.25)+(organic*0.20),
ON,Ottawa,Government Conference Centre,45.424484,-75.693381,,,,,(sand*0.30)+(clay*0.25)+(drainage*0.25)+(organic*0.20),
ON,Ottawa,HMCS Gloucester,45.305400,-75.524200,,,,,(sand*0.30)+(clay*0.25)+(drainage*0.25)+(organic*0.20),
ON,Ottawa,Herzberg Road and Bayfield Road,45.335826,-75.891134,,,,,(sand*0.30)+(clay*0.25)+(drainage*0.25)+(organic*0.20),
ON,Ottawa,Hog's Back Park,45.373836,-75.695513,,,,,(sand*0.30)+(clay*0.25)+(drainage*0.25)+(organic*0.20),
ON,Ottawa,Hudrman North,45.412705,-75.667834,,,,,(sand*0.30)+(clay*0.25)+(drainage*0.25)+(organic*0.20),
ON,Ottawa,Hunt Club Road Pinestand - Ottawa Macdonald-Cartier International Airport,45.340744,-75.676060,,,,,(sand*0.30)+(clay*0.25)+(drainage*0.25)+(organic*0.20),
ON,Ottawa,"Hunt Club Road Pinestand Property, Ottawa Airport",45.339500,-75.676600,,,,,(sand*0.30)+(clay*0.25)+(drainage*0.25)+(organic*0.20),
ON,Ottawa,Hurdman North,45.414439,-75.662794,,,,,(sand*0.30)+(clay*0.25)+(drainage*0.25)+(organic*0.20),
ON,Ottawa,Hurdman South,45.394066,-75.673572,,,,,(sand*0.30)+(clay*0.25)+(drainage*0.25)+(organic*0.20),
ON,Ottawa,Hurdman West,45.401697,-75.668112,,,,,(sand*0.30)+(clay*0.25)+(drainage*0.25)+(organic*0.20),
ON,Ottawa,Hurdman West,45.407123,-75.666266,,,,,(sand*0.30)+(clay*0.25)+(drainage*0.25)+(organic*0.20),
ON,Ottawa,Hurdman West,45.407200,-75.664610,,,,,(sand*0.30)+(clay*0.25)+(drainage*0.25)+(organic*0.20),
ON,Ottawa,Hurdman West,45.408174,-75.668914,,,,,(sand*0.30)+(clay*0.25)+(drainage*0.25)+(organic*0.20),
ON,Ottawa,Jackson Building (122 Bank Street),45.419595,-75.700119,,,,,(sand*0.30)+(clay*0.25)+(drainage*0.25)+(organic*0.20),
ON,Ottawa,"Justice, Supreme Court, Confederation, Fed. Annex, Central Heating Plant Buildings",45.421610,-75.705498,,,,,(sand*0.30)+(clay*0.25)+(drainage*0.25)+(organic*0.20),
ON,Ottawa,King Edward Park,45.436606,-75.690949,,,,,(sand*0.30)+(clay*0.25)+(drainage*0.25)+(organic*0.20),
ON,Ottawa,"Kingsview Park, Ottawa",45.435483,-75.672177,,,,,(sand*0.30)+(clay*0.25)+(drainage*0.25)+(organic*0.20),
ON,Ottawa,L'Esplanade Laurier,45.419036,-75.696989,,,,,(sand*0.30)+(clay*0.25)+(drainage*0.25)+(organic*0.20),
ON,Ottawa,"LaSalle Academy, 373 Sussex Drive, Ottawa, Ontario",45.430484,-75.696491,,,,,(sand*0.30)+(clay*0.25)+(drainage*0.25)+(organic*0.20),
ON,Ottawa,Land East of Tailrace - LeBreton,45.418036,-75.711087,,,,,(sand*0.30)+(clay*0.25)+(drainage*0.25)+(organic*0.20),
ON,Ottawa,Land south of the Government of Canada Conference Center,45.424286,-75.693563,,,,,(sand*0.30)+(clay*0.25)+(drainage*0.25)+(organic*0.20),
ON,Ottawa,LeBreton East,45.419061,-75.711709,,,,,(sand*0.30)+(clay*0.25)+(drainage*0.25)+(organic*0.20),
ON,Ottawa,LeBreton Flats,45.413000,-75.713000,,,,,(sand*0.30)+(clay*0.25)+(drainage*0.25)+(organic*0.20),
ON,Ottawa,LeBreton Flats,45.413070,-75.714230,,,,,(sand*0.30)+(clay*0.25)+(drainage*0.25)+(organic*0.20),
ON,Ottawa,LeBreton Flats,45.413670,-75.711830,,,,,(sand*0.30)+(clay*0.25)+(drainage*0.25)+(organic*0.20),
ON,Ottawa,LeBreton Flats,45.413880,-75.712780,,,,,(sand*0.30)+(clay*0.25)+(drainage*0.25)+(organic*0.20),
ON,Ottawa,LeBreton Flats,45.414050,-75.711060,,,,,(sand*0.30)+(clay*0.25)+(drainage*0.25)+(organic*0.20),
ON,Ottawa,LeBreton Flats,45.414350,-75.710770,,,,,(sand*0.30)+(clay*0.25)+(drainage*0.25)+(organic*0.20),
ON,Ottawa,LeBreton Flats,45.414370,-75.712000,,,,,(sand*0.30)+(clay*0.25)+(drainage*0.25)+(organic*0.20),
ON,Ottawa,LeBreton Flats,45.414870,-75.709380,,,,,(sand*0.30)+(clay*0.25)+(drainage*0.25)+(organic*0.20),
ON,Ottawa,LeBreton Flats,45.415360,-75.710850,,,,,(sand*0.30)+(clay*0.25)+(drainage*0.25)+(organic*0.20),
ON,Ottawa,LeBreton Flats - Nepean Bay,45.411530,-75.719880,,,,,(sand*0.30)+(clay*0.25)+(drainage*0.25)+(organic*0.20),
ON,Ottawa,Lebreton - East,45.419258,-75.712579,,,,,(sand*0.30)+(clay*0.25)+(drainage*0.25)+(organic*0.20),
ON,Ottawa,Library and Archives Canada Building,45.420160,-75.708390,,,,,(sand*0.30)+(clay*0.25)+(drainage*0.25)+(organic*0.20),
ON,Ottawa,Limebank soil pile,45.316046,-75.687759,,,,,(sand*0.30)+(clay*0.25)+(drainage*0.25)+(organic*0.20),
ON,Ottawa,Long Island Campground,45.255550,-75.703293,,,,,(sand*0.30)+(clay*0.25)+(drainage*0.25)+(organic*0.20),
ON,Ottawa,Major-General G.R. Pearkes Building,45.423624,-75.689175,,,,,(sand*0.30)+(clay*0.25)+(drainage*0.25)+(organic*0.20),
ON,Ottawa,Mann Avenue,45.419400,-75.674430,,,,,(sand*0.30)+(clay*0.25)+(drainage*0.25)+(organic*0.20),
ON,Ottawa,Middle Street,45.419715,-75.714040,,,,,(sand*0.30)+(clay*0.25)+(drainage*0.25)+(organic*0.20),
ON,Ottawa,Middle Street,45.419764,-75.715787,,,,,(sand*0.30)+(clay*0.25)+(drainage*0.25)+(organic*0.20),
ON,Ottawa,Middle Street to Booth Street,45.419218,-75.716271,,,,,(sand*0.30)+(clay*0.25)+(drainage*0.25)+(organic*0.20),
ON,Ottawa,Montreal Road Complex ON,45.453793,-75.621105,,,,,(sand*0.30)+(clay*0.25)+(drainage*0.25)+(organic*0.20),
ON,Ottawa,Mooney's Bay,45.368158,-75.691830,,,,,(sand*0.30)+(clay*0.25)+(drainage*0.25)+(organic*0.20),
ON,Ottawa,Mooney's Bay Marina (Hog's Back),45.370200,-75.699000,,,,,(sand*0.30)+(clay*0.25)+(drainage*0.25)+(organic*0.20),
ON,Ottawa,National Press Block,45.421880,-75.700600,,,,,(sand*0.30)+(clay*0.25)+(drainage*0.25)+(organic*0.20),
ON,Ottawa,Nearshore (Waterlot),45.352777,-75.826944,,,,,(sand*0.30)+(clay*0.25)+(drainage*0.25)+(organic*0.20),
ON,Ottawa,Nicholas and Queensway,45.416744,-75.676638,,,,,(sand*0.30)+(clay*0.25)+(drainage*0.25)+(organic*0.20),
ON,Ottawa,"North River Rd., W of Prince Albert",45.421220,-75.665799,,,,,(sand*0.30)+(clay*0.25)+(drainage*0.25)+(organic*0.20),
ON,Ottawa,North of the RA Centre,45.383336,-75.685168,,,,,(sand*0.30)+(clay*0.25)+(drainage*0.25)+(organic*0.20),
ON,Ottawa,Ottawa Fallowfield Laboratory,45.295488,-75.780048,,,,,(sand*0.30)+(clay*0.25)+(drainage*0.25)+(organic*0.20),
ON,Ottawa,Ottawa River,45.419233,-75.714592,,,,,(sand*0.30)+(clay*0.25)+(drainage*0.25)+(organic*0.20),
ON,Ottawa,Ottawa River Parkway,45.371271,-75.785335,,,,,(sand*0.30)+(clay*0.25)+(drainage*0.25)+(organic*0.20),
ON,Ottawa,"Ottawa River Parkway, North of Bayview Road",45.410176,-75.725020,,,,,(sand*0.30)+(clay*0.25)+(drainage*0.25)+(organic*0.20),
ON,Ottawa,Parliamentary Precinct Block 2,45.422720,-75.698640,,,,,(sand*0.30)+(clay*0.25)+(drainage*0.25)+(organic*0.20),
ON,Ottawa,Pathway below Parliament Hill,45.422969,-75.704986,,,,,(sand*0.30)+(clay*0.25)+(drainage*0.25)+(organic*0.20),
ON,Ottawa,Pathway below Parliament Hill,45.424684,-75.702026,,,,,(sand*0.30)+(clay*0.25)+(drainage*0.25)+(organic*0.20),
ON,Ottawa,"Pavilions Sussex, Rideau, Bytown",45.439700,-75.694960,,,,,(sand*0.30)+(clay*0.25)+(drainage*0.25)+(organic*0.20),
ON,Ottawa,"Pine Grove, Ottawa",45.349408,-75.569577,,,,,(sand*0.30)+(clay*0.25)+(drainage*0.25)+(organic*0.20),
ON,Ottawa,"Pipeline (near Tank Farm), 7 Wing CFB Ottawa",45.333400,-75.658300,,,,,(sand*0.30)+(clay*0.25)+(drainage*0.25)+(organic*0.20),
ON,Ottawa,Prince of Wales at Fallowfield,45.309099,-75.699391,,,,,(sand*0.30)+(clay*0.25)+(drainage*0.25)+(organic*0.20),
ON,Ottawa,Property North of 3880 Farmers Way,45.367343,-75.514018,,,,,(sand*0.30)+(clay*0.25)+(drainage*0.25)+(organic*0.20),
ON,Ottawa,"Queen Elizabeth Drive N of, W of Preston",45.396297,-75.707848,,,,,(sand*0.30)+(clay*0.25)+(drainage*0.25)+(organic*0.20),
ON,Ottawa,RA Centre,45.383152,-75.683303,,,,,(sand*0.30)+(clay*0.25)+(drainage*0.25)+(organic*0.20),
ON,Ottawa,Ramsayville Rd at Ridge Rd NE corner (Ridge Road Landfill),45.399664,-75.577571,,,,,(sand*0.30)+(clay*0.25)+(drainage*0.25)+(organic*0.20),
ON,Ottawa,Ramsayville Road,45.366077,-75.561930,,,,,(sand*0.30)+(clay*0.25)+(drainage*0.25)+(organic*0.20),
ON,Ottawa,"Rideau Canal, Dow's Lake to Ottawa Locks",45.423358,-75.690900,,,,,(sand*0.30)+(clay*0.25)+(drainage*0.25)+(organic*0.20),
ON,Ottawa,Rideau Falls Dam & Central Heating NRC (Plant Site),45.441388,-75.695855,,,,,(sand*0.30)+(clay*0.25)+(drainage*0.25)+(organic*0.20),
ON,Ottawa,Ridge Road,45.394594,-75.561275,,,,,(sand*0.30)+(clay*0.25)+(drainage*0.25)+(organic*0.20),
ON,Ottawa,Rifle Road East,45.358688,-75.878161,,,,,(sand*0.30)+(clay*0.25)+(drainage*0.25)+(organic*0.20),
ON,Ottawa,Riverfront Park,45.415740,-75.717000,,,,,(sand*0.30)+(clay*0.25)+(drainage*0.25)+(organic*0.20),
ON,Ottawa,Riverside Dr. E side N of Uplands to McCarthy,45.351960,-75.682408,,,,,(sand*0.30)+(clay*0.25)+(drainage*0.25)+(organic*0.20),
ON,Ottawa,"Riverside Drive at Neil Street, Southwest Corner",45.390232,-75.674517,,,,,(sand*0.30)+(clay*0.25)+(drainage*0.25)+(organic*0.20),
ON,Ottawa,Rockcliffe Compound,45.455838,-75.676330,,,,,(sand*0.30)+(clay*0.25)+(drainage*0.25)+(organic*0.20),
ON,Ottawa,Rockcliffe Park,45.450049,-75.688179,,,,,(sand*0.30)+(clay*0.25)+(drainage*0.25)+(organic*0.20),
ON,Ottawa,Rockcliffe Park,45.454266,-75.687323,,,,,(sand*0.30)+(clay*0.25)+(drainage*0.25)+(organic*0.20),
ON,Ottawa,Rockcliffe Park,45.456050,-75.684880,,,,,(sand*0.30)+(clay*0.25)+(drainage*0.25)+(organic*0.20),
ON,Ottawa,Rockcliffe Yacht Club,45.456771,-75.638973,,,,,(sand*0.30)+(clay*0.25)+(drainage*0.25)+(organic*0.20),
ON,Ottawa,Sandhills - Minor Shore Light,45.511278,-76.094167,,,,,(sand*0.30)+(clay*0.25)+(drainage*0.25)+(organic*0.20),
ON,Ottawa,"Shirleys Bay Campus, P9 parking",45.346745,-75.883873,,,,,(sand*0.30)+(clay*0.25)+(drainage*0.25)+(organic*0.20),
ON,Ottawa,Sir Charles Tupper Building,45.376248,-75.692615,,,,,(sand*0.30)+(clay*0.25)+(drainage*0.25)+(organic*0.20),
ON,Ottawa,"Sir George Etienne Cartier Parkway, Land Around Aviation Museum",45.463205,-75.639129,,,,,(sand*0.30)+(clay*0.25)+(drainage*0.25)+(organic*0.20),
ON,Ottawa,Sir John A MacDonald Parkway - Westboro Beach,45.395760,-75.760770,,,,,(sand*0.30)+(clay*0.25)+(drainage*0.25)+(organic*0.20),
ON,Ottawa,Smith fall sub spill due to fire on adjacent land,45.326113,-75.716230,,,,,(sand*0.30)+(clay*0.25)+(drainage*0.25)+(organic*0.20),
ON,Ottawa,Southwest Corner of Riverside Dr at Bank St,45.387369,-75.676564,,,,,(sand*0.30)+(clay*0.25)+(drainage*0.25)+(organic*0.20),
ON,Ottawa,St. Laurent Square,45.421110,-75.706920,,,,,(sand*0.30)+(clay*0.25)+(drainage*0.25)+(organic*0.20),
ON,Ottawa,Stanley Park,45.437978,-75.689985,,,,,(sand*0.30)+(clay*0.25)+(drainage*0.25)+(organic*0.20),
ON,Ottawa,Stanley Park,45.438725,-75.689853,,,,,(sand*0.30)+(clay*0.25)+(drainage*0.25)+(organic*0.20),
ON,Ottawa,Stanley Park,45.439520,-75.688970,,,,,(sand*0.30)+(clay*0.25)+(drainage*0.25)+(organic*0.20),
ON,Ottawa,Stanley Park West,45.441098,-75.692136,,,,,(sand*0.30)+(clay*0.25)+(drainage*0.25)+(organic*0.20),
ON,Ottawa,Stillwater Park (Graham Bay) - Close to the naviga,45.353389,-75.824639,,,,,(sand*0.30)+(clay*0.25)+(drainage*0.25)+(organic*0.20),
ON,Ottawa,Stornoway,45.452704,-75.678883,,,,,(sand*0.30)+(clay*0.25)+(drainage*0.25)+(organic*0.20),
ON,Ottawa,Sussex Alexander,45.442707,-75.693024,,,,,(sand*0.30)+(clay*0.25)+(drainage*0.25)+(organic*0.20),
ON,Ottawa,Sussex-Alexander,45.442556,-75.693019,,,,,(sand*0.30)+(clay*0.25)+(drainage*0.25)+(organic*0.20),
ON,Ottawa,Technical and Protective Operations Facility (TPOF),45.451928,-75.558483,,,,,(sand*0.30)+(clay*0.25)+(drainage*0.25)+(organic*0.20),
ON,Ottawa,Tin House Courtyard,45.428470,-75.695373,,,,,(sand*0.30)+(clay*0.25)+(drainage*0.25)+(organic*0.20),
ON,Ottawa,Tremblay / Belfast / VIA station,45.416774,-75.653640,,,,,(sand*0.30)+(clay*0.25)+(drainage*0.25)+(organic*0.20),
ON,Ottawa,Tremblay / Belfast / VIA station,45.417158,-75.651778,,,,,(sand*0.30)+(clay*0.25)+(drainage*0.25)+(organic*0.20),
ON,Ottawa,Tremblay / Belfast / VIA station,45.417648,-75.650872,,,,,(sand*0.30)+(clay*0.25)+(drainage*0.25)+(organic*0.20),
ON,Ottawa,Tremblay / Belfast / VIA station,45.419621,-75.637093,,,,,(sand*0.30)+(clay*0.25)+(drainage*0.25)+(organic*0.20),
ON,Ottawa,"Uniform #2 Building, 79 Bentley Avenue, Ottawa, Ontario",45.334837,-75.716535,,,,,(sand*0.30)+(clay*0.25)+(drainage*0.25)+(organic*0.20),
ON,Ottawa,Unknown,45.334165,-75.599870,,,,,(sand*0.30)+(clay*0.25)+(drainage*0.25)+(organic*0.20),
ON,Ottawa,Unknown,45.431099,-75.579237,,,,,(sand*0.30)+(clay*0.25)+(drainage*0.25)+(organic*0.20),
ON,Ottawa,Uplands - decommissioned oil filled high voltage cables,45.331800,-75.675500,,,,,(sand*0.30)+(clay*0.25)+(drainage*0.25)+(organic*0.20),
ON,Ottawa,Uplands Bldg 329 (Bell Building) Former UST,45.332100,-75.674600,,,,,(sand*0.30)+(clay*0.25)+(drainage*0.25)+(organic*0.20),
ON,Ottawa,Uplands Former Tank Farm,45.328200,-75.669300,,,,,(sand*0.30)+(clay*0.25)+(drainage*0.25)+(organic*0.20),
ON,Ottawa,"Uplands Marina, CFSU Ottawa",45.344600,-75.696000,,,,,(sand*0.30)+(clay*0.25)+(drainage*0.25)+(organic*0.20),
ON,Ottawa,"Uplands Marina, CFSU(O)",Unknown,Unknown,,,,,(sand*0.30)+(clay*0.25)+(drainage*0.25)+(organic*0.20),
ON,Ottawa,Uplands Self-Help Housing Maintenance Compound,45.330300,-75.641700,,,,,(sand*0.30)+(clay*0.25)+(drainage*0.25)+(organic*0.20),
ON,Ottawa,Vacant Land (Former temporary Building # 8),45.395550,-75.709910,,,,,(sand*0.30)+(clay*0.25)+(drainage*0.25)+(organic*0.20),
ON,Ottawa,Vacant Land near Sawmill Creek,45.384084,-75.675814,,,,,(sand*0.30)+(clay*0.25)+(drainage*0.25)+(organic*0.20),
ON,Ottawa,"Vacant Land, Albion Road and Lester Road, Ottawa",45.332760,-75.637122,,,,,(sand*0.30)+(clay*0.25)+(drainage*0.25)+(organic*0.20),
ON,Ottawa,Victoria Island,45.420801,-75.713746,,,,,(sand*0.30)+(clay*0.25)+(drainage*0.25)+(organic*0.20),
ON,Ottawa,Victoria Island,45.421451,-75.711648,,,,,(sand*0.30)+(clay*0.25)+(drainage*0.25)+(organic*0.20),
ON,Ottawa,Victory Hill,45.319349,-75.698159,,,,,(sand*0.30)+(clay*0.25)+(drainage*0.25)+(organic*0.20),
ON,Ottawa,Vincent Massey Park,45.378957,-75.695695,,,,,(sand*0.30)+(clay*0.25)+(drainage*0.25)+(organic*0.20),
ON,Ottawa,Vincent Massey Park,45.381186,-75.691391,,,,,(sand*0.30)+(clay*0.25)+(drainage*0.25)+(organic*0.20),
ON,Ottawa,Walkley & Highway 417,45.403708,-75.599922,,,,,(sand*0.30)+(clay*0.25)+(drainage*0.25)+(organic*0.20),
ON,Ottawa,Walkley/Holland POL Storage Area,45.384600,-75.623200,,,,,(sand*0.30)+(clay*0.25)+(drainage*0.25)+(organic*0.20),
ON,Ottawa,Watts Creek Sewage Treatment Plant,45.345575,-75.869261,,,,,(sand*0.30)+(clay*0.25)+(drainage*0.25)+(organic*0.20),
ON,Ottawa,Watts Creek Sewage Treatment Plant (Carling Ave at Rifle Rd),45.343386,-75.878296,,,,,(sand*0.30)+(clay*0.25)+(drainage*0.25)+(organic*0.20),
ON,Ottawa,West Memorial Building,45.419307,-75.706606,,,,,(sand*0.30)+(clay*0.25)+(drainage*0.25)+(organic*0.20),
ON,Ottawa,West Part of Bank Street Valley (see 08834.001 for East Part),45.421410,-75.706100,,,,,(sand*0.30)+(clay*0.25)+(drainage*0.25)+(organic*0.20),
ON,Toronto,Arthur Meighen Building,43.688074,-79.391774,,,,,(sand*0.30)+(clay*0.25)+(drainage*0.25)+(organic*0.20),
ON,Toronto,Auto Hobby Club Former DeHavilland Plant Area (Downsview),Unknown,Unknown,,,,,(sand*0.30)+(clay*0.25)+(drainage*0.25)+(organic*0.20),
ON,Toronto,Building 100 (Downsview),Unknown,Unknown,,,,,(sand*0.30)+(clay*0.25)+(drainage*0.25)+(organic*0.20),
ON,Toronto,Building 103 (Downsview),Unknown,Unknown,,,,,(sand*0.30)+(clay*0.25)+(drainage*0.25)+(organic*0.20),
ON,Toronto,CFRC (Yonge Street),43.763300,-79.411900,,,,,(sand*0.30)+(clay*0.25)+(drainage*0.25)+(organic*0.20),
ON,Toronto,CN Tower (301 Front Street),43.642600,-79.387100,,,,,(sand*0.30)+(clay*0.25)+(drainage*0.25)+(organic*0.20),
ON,Toronto,Canadian Forces Staff College,43.742800,-79.413100,,,,,(sand*0.30)+(clay*0.25)+(drainage*0.25)+(organic*0.20),
ON,Toronto,Central Heating Plant (Downsview),Unknown,Unknown,,,,,(sand*0.30)+(clay*0.25)+(drainage*0.25)+(organic*0.20),
ON,Toronto,Construction Engineering Section (Downsview),Unknown,Unknown,,,,,(sand*0.30)+(clay*0.25)+(drainage*0.25)+(organic*0.20),
ON,Toronto,Denison Armoury,Unknown,Unknown,,,,,(sand*0.30)+(clay*0.25)+(drainage*0.25)+(organic*0.20),
ON,Toronto,Don River at York Mills,43.740250,-79.403139,,,,,(sand*0.30)+(clay*0.25)+(drainage*0.25)+(organic*0.20),
ON,Toronto,Downsview Closure,Unknown,Unknown,,,,,(sand*0.30)+(clay*0.25)+(drainage*0.25)+(organic*0.20),
ON,Toronto,Etobicoke Armoury,43.604200,-79.501900,,,,,(sand*0.30)+(clay*0.25)+(drainage*0.25)+(organic*0.20),
ON,Toronto,Fire Fighting Training Area (Downsview),Unknown,Unknown,,,,,(sand*0.30)+(clay*0.25)+(drainage*0.25)+(organic*0.20),
ON,Toronto,Former Building 115 (Downsview),Unknown,Unknown,,,,,(sand*0.30)+(clay*0.25)+(drainage*0.25)+(organic*0.20),
ON,Toronto,Former Bunker 'C' DeHavilland Plant Area (Downsview),Unknown,Unknown,,,,,(sand*0.30)+(clay*0.25)+(drainage*0.25)+(organic*0.20),
ON,Toronto,Former No.1 Canadian Forces Supply Depot (Downsview),Unknown,Unknown,,,,,(sand*0.30)+(clay*0.25)+(drainage*0.25)+(organic*0.20),
ON,Toronto,Former POL Compound Building 107 (Downsview),Unknown,Unknown,,,,,(sand*0.30)+(clay*0.25)+(drainage*0.25)+(organic*0.20),
ON,Toronto,Former Sewage Treatment Plant (Downsview),Unknown,Unknown,,,,,(sand*0.30)+(clay*0.25)+(drainage*0.25)+(organic*0.20),
ON,Toronto,Former USTs Building 107 (Downsview),Unknown,Unknown,,,,,(sand*0.30)+(clay*0.25)+(drainage*0.25)+(organic*0.20),
ON,Toronto,Former building 102 (Downsview),Unknown,Unknown,,,,,(sand*0.30)+(clay*0.25)+(drainage*0.25)+(organic*0.20),
ON,Toronto,Former building 131 (Downsview),Unknown,Unknown,,,,,(sand*0.30)+(clay*0.25)+(drainage*0.25)+(organic*0.20),
ON,Toronto,Fort York //,43.636900,-79.407800,,,,,(sand*0.30)+(clay*0.25)+(drainage*0.25)+(organic*0.20),
ON,Toronto,Gravel Parking Lot Construction Eng. Section (Downsview),Unknown,Unknown,,,,,(sand*0.30)+(clay*0.25)+(drainage*0.25)+(organic*0.20),
ON,Toronto,HMCS York,43.633900,-79.401900,,,,,(sand*0.30)+(clay*0.25)+(drainage*0.25)+(organic*0.20),
ON,Toronto,Health Canada Laboratory,43.776653,-79.272697,,,,,(sand*0.30)+(clay*0.25)+(drainage*0.25)+(organic*0.20),
ON,Toronto,Little Rouge Creek at Scarborough,43.813889,-79.156944,,,,,(sand*0.30)+(clay*0.25)+(drainage*0.25)+(organic*0.20),
ON,Toronto,Moss Park Armoury,43.654700,-79.373100,,,,,(sand*0.30)+(clay*0.25)+(drainage*0.25)+(organic*0.20),
ON,Toronto,Passmore,43.832900,-79.238300,,,,,(sand*0.30)+(clay*0.25)+(drainage*0.25)+(organic*0.20),
ON,Toronto,Plant 1 Former DeHavilland Plant Area (Downsview),Unknown,Unknown,,,,,(sand*0.30)+(clay*0.25)+(drainage*0.25)+(organic*0.20),
ON,Toronto,Plant 2 Former DeHavilland Plant Area (Downsview),Unknown,Unknown,,,,,(sand*0.30)+(clay*0.25)+(drainage*0.25)+(organic*0.20),
ON,Toronto,Plant 3 Former DeHavilland Plant Area (Downsview),Unknown,Unknown,,,,,(sand*0.30)+(clay*0.25)+(drainage*0.25)+(organic*0.20),
ON,Toronto,Portland Slip,43.635800,-79.395500,,,,,(sand*0.30)+(clay*0.25)+(drainage*0.25)+(organic*0.20),
ON,Toronto,RCSU Warehouse,43.781512,-79.492002,,,,,(sand*0.30)+(clay*0.25)+(drainage*0.25)+(organic*0.20),
ON,Toronto,Rouge River at Scarborough,43.811111,-79.159722,,,,,(sand*0.30)+(clay*0.25)+(drainage*0.25)+(organic*0.20),
ON,Toronto,Scarborough Armoury,43.787200,-79.242500,,,,,(sand*0.30)+(clay*0.25)+(drainage*0.25)+(organic*0.20),
ON,Toronto,Spadina Quay Marina,43.636100,-79.393400,,,,,(sand*0.30)+(clay*0.25)+(drainage*0.25)+(organic*0.20),
ON,Toronto,Spadina Slip,43.637300,-79.391500,,,,,(sand*0.30)+(clay*0.25)+(drainage*0.25)+(organic*0.20),
ON,Toronto,TMFRC,Unknown,Unknown,,,,,(sand*0.30)+(clay*0.25)+(drainage*0.25)+(organic*0.20),
ON,Toronto,"TORONTO (BLUFFERS PARK) (Sediment, SW Corner of Property)",43.709165,-79.228343,,,,,(sand*0.30)+(clay*0.25)+(drainage*0.25)+(organic*0.20),
ON,Toronto,"TORONTO (BLUFFERS PARK) (Soil,Eastern Tip of West breakwater)",43.708028,-79.232611,,,,,(sand*0.30)+(clay*0.25)+(drainage*0.25)+(organic*0.20),
ON,Toronto,Toronto Main Harbour Channel Front (Daybeacon),43.634837,-79.346986,,,,,(sand*0.30)+(clay*0.25)+(drainage*0.25)+(organic*0.20),
ON,Toronto,Toronto Maintenance Center,43.610556,-79.509444,,,,,(sand*0.30)+(clay*0.25)+(drainage*0.25)+(organic*0.20),
ON,Toronto,Toronto Training Area,Unknown,Unknown,,,,,(sand*0.30)+(clay*0.25)+(drainage*0.25)+(organic*0.20),
ON,Toronto,Unknown,Unknown,Unknown,,,,,(sand*0.30)+(clay*0.25)+(drainage*0.25)+(organic*0.20),
ON,Toronto,VIA TMC,43.610556,-79.509444,,,,,(sand*0.30)+(clay*0.25)+(drainage*0.25)+(organic*0.20),
QC,Montreal,100 tons balance,45.575800,-73.525800,,,,,(sand*0.30)+(clay*0.25)+(drainage*0.25)+(organic*0.20),
QC,Montreal,"105 McGill Street and 400 Place D'Youville, Montreal",45.500001,-73.555956,,,,,(sand*0.30)+(clay*0.25)+(drainage*0.25)+(organic*0.20),
QC,Montreal,200 places prkng Mtl Garrison,45.577100,-73.533100,,,,,(sand*0.30)+(clay*0.25)+(drainage*0.25)+(organic*0.20),
QC,Montreal,"46 St-Jacques, Montreal",45.506000,-73.557000,,,,,(sand*0.30)+(clay*0.25)+(drainage*0.25)+(organic*0.20),
QC,Montreal,"643,645, 655 and 655A Montée de Liesse; Lots 1 892 534 and 1 892 535",45.482533,-73.710536,,,,,(sand*0.30)+(clay*0.25)+(drainage*0.25)+(organic*0.20),
QC,Montreal,AB- Section 10,45.489590,-73.547610,,,,,(sand*0.30)+(clay*0.25)+(drainage*0.25)+(organic*0.20),
QC,Montreal,Access ramp and docks repairs Montréal Garrison,45.576700,-73.521900,,,,,(sand*0.30)+(clay*0.25)+(drainage*0.25)+(organic*0.20),
QC,Montreal,"Atwater Boulevard, North of HWY 15, Montreal",45.476146,-73.573801,,,,,(sand*0.30)+(clay*0.25)+(drainage*0.25)+(organic*0.20),
QC,Montreal,Behind Kitchen (B155) - Montreal garrison,45.578600,-73.530800,,,,,(sand*0.30)+(clay*0.25)+(drainage*0.25)+(organic*0.20),
QC,Montreal,"Boulevard Atwater, South of HWY 15, Montreal",45.473089,-73.572386,,,,,(sand*0.30)+(clay*0.25)+(drainage*0.25)+(organic*0.20),
QC,Montreal,"Boulevard LaSalle, South of HWY 15, Montreal",45.474016,-73.570171,,,,,(sand*0.30)+(clay*0.25)+(drainage*0.25)+(organic*0.20),
QC,Montreal,Brossard,45.471036,-73.544213,,,,,(sand*0.30)+(clay*0.25)+(drainage*0.25)+(organic*0.20),
QC,Montreal,Building E,45.515550,-73.660000,,,,,(sand*0.30)+(clay*0.25)+(drainage*0.25)+(organic*0.20),
QC,Montreal,Canal sediments,45.461390,-73.602971,,,,,(sand*0.30)+(clay*0.25)+(drainage*0.25)+(organic*0.20),
QC,Montreal,Cathcart Armoury,45.502300,-73.569700,,,,,(sand*0.30)+(clay*0.25)+(drainage*0.25)+(organic*0.20),
QC,Montreal,"Central thermal retaining wall, Bldg 37 Montreal Garrison",45.576400,-73.519200,,,,,(sand*0.30)+(clay*0.25)+(drainage*0.25)+(organic*0.20),
QC,Montreal,Champlain Bridge,45.472740,-73.550920,,,,,(sand*0.30)+(clay*0.25)+(drainage*0.25)+(organic*0.20),
QC,Montreal,Construction of CSC building Montréal,45.575800,-73.525800,,,,,(sand*0.30)+(clay*0.25)+(drainage*0.25)+(organic*0.20),
QC,Montreal,Depot C - occupied by lessee,45.468865,-73.747621,,,,,(sand*0.30)+(clay*0.25)+(drainage*0.25)+(organic*0.20),
QC,Montreal,ETAP_approche_nord,45.468240,-73.533170,,,,,(sand*0.30)+(clay*0.25)+(drainage*0.25)+(organic*0.20),
QC,Montreal,Enlargement of LAV III testing ramp at 202 WKP,45.573600,-73.528100,,,,,(sand*0.30)+(clay*0.25)+(drainage*0.25)+(organic*0.20),
QC,Montreal,FEC- Field Electrical Center,45.468865,-73.747621,,,,,(sand*0.30)+(clay*0.25)+(drainage*0.25)+(organic*0.20),
QC,Montreal,Former Biotechnology Research Institute - Montreal,45.486620,-73.673180,,,,,(sand*0.30)+(clay*0.25)+(drainage*0.25)+(organic*0.20),
QC,Montreal,Former Building 12,45.579700,-73.524400,,,,,(sand*0.30)+(clay*0.25)+(drainage*0.25)+(organic*0.20),
QC,Montreal,Former firefighter training site,45.468865,-73.747621,,,,,(sand*0.30)+(clay*0.25)+(drainage*0.25)+(organic*0.20),
QC,Montreal,"Gaetan-Laberge Boulevard, North of HWY 15",45.474891,-73.549443,,,,,(sand*0.30)+(clay*0.25)+(drainage*0.25)+(organic*0.20),
QC,Montreal,"Gaetan-Laberge Boulevard, South of HWY 15, Montreal",45.470644,-73.561643,,,,,(sand*0.30)+(clay*0.25)+(drainage*0.25)+(organic*0.20),
QC,Montreal,Garage Construction LAV III,45.579700,-73.524400,,,,,(sand*0.30)+(clay*0.25)+(drainage*0.25)+(organic*0.20),
QC,Montreal,Hangar 10 local 151 drilling in floor of an old shop,45.577500,-73.516900,,,,,(sand*0.30)+(clay*0.25)+(drainage*0.25)+(organic*0.20),
QC,Montreal,"Highway 15, between Atwater and Gaetan-Laberge, Verdun, Montreal",45.471036,-73.544213,,,,,(sand*0.30)+(clay*0.25)+(drainage*0.25)+(organic*0.20),
QC,Montreal,Ile Sainte-Hélène,45.520630,-73.535190,,,,,(sand*0.30)+(clay*0.25)+(drainage*0.25)+(organic*0.20),
QC,Montreal,"Indoor Firing Range L-123, ASU LP",45.576000,-73.526000,,,,,(sand*0.30)+(clay*0.25)+(drainage*0.25)+(organic*0.20),
QC,Montreal,Installation of an APU at building L-193,45.576700,-73.521900,,,,,(sand*0.30)+(clay*0.25)+(drainage*0.25)+(organic*0.20),
QC,Montreal,JCP- section 7 (Terrains au sud de Viger),45.522265,-73.545678,,,,,(sand*0.30)+(clay*0.25)+(drainage*0.25)+(organic*0.20),
QC,Montreal,JCP- section 8 (entre Viger et Maisonneuve Est),45.523996,-73.549640,,,,,(sand*0.30)+(clay*0.25)+(drainage*0.25)+(organic*0.20),
QC,Montreal,JCP- section 9 (entre Ontario et Maisonneuve Est),45.525346,-73.553733,,,,,(sand*0.30)+(clay*0.25)+(drainage*0.25)+(organic*0.20),
QC,Montreal,"L-10 South, ASU LP",45.577500,-73.516900,,,,,(sand*0.30)+(clay*0.25)+(drainage*0.25)+(organic*0.20),
QC,Montreal,Lachine (rear range light),45.433130,-73.691960,,,,,(sand*0.30)+(clay*0.25)+(drainage*0.25)+(organic*0.20),
QC,Montreal,Layout of a salt shelter,45.575800,-73.525800,,,,,(sand*0.30)+(clay*0.25)+(drainage*0.25)+(organic*0.20),
QC,Montreal,"Loading platform, L-3 North, ASU LP",45.577800,-73.526700,,,,,(sand*0.30)+(clay*0.25)+(drainage*0.25)+(organic*0.20),
QC,Montreal,Longue Pointe Soil Clean-up,45.576100,-73.525200,,,,,(sand*0.30)+(clay*0.25)+(drainage*0.25)+(organic*0.20),
QC,Montreal,Lot 9 - former petroleum depot,45.468865,-73.747621,,,,,(sand*0.30)+(clay*0.25)+(drainage*0.25)+(organic*0.20),
QC,Montreal,MMC,45.477814,-73.551406,,,,,(sand*0.30)+(clay*0.25)+(drainage*0.25)+(organic*0.20),
QC,Montreal,"Mechanical Workshop L-3 North, ASU LP",45.576000,-73.526000,,,,,(sand*0.30)+(clay*0.25)+(drainage*0.25)+(organic*0.20),
QC,Montreal,"Mechanical Workshop, L-3, ASU Longue-Pointe South",45.576100,-73.525200,,,,,(sand*0.30)+(clay*0.25)+(drainage*0.25)+(organic*0.20),
QC,Montreal,Montreal soccer pitch,45.576500,-73.533300,,,,,(sand*0.30)+(clay*0.25)+(drainage*0.25)+(organic*0.20),
QC,Montreal,Multipurpose runway Montreal Garrison north side,45.575800,-73.525800,,,,,(sand*0.30)+(clay*0.25)+(drainage*0.25)+(organic*0.20),
QC,Montreal,New Storage Area in Back of the Building,45.429400,-73.644700,,,,,(sand*0.30)+(clay*0.25)+(drainage*0.25)+(organic*0.20),
QC,Montreal,Normand-Maurice Building,45.482024,-73.584026,,,,,(sand*0.30)+(clay*0.25)+(drainage*0.25)+(organic*0.20),
QC,Montreal,"Nun's Island Boulevard, Montreal",45.469234,-73.545800,,,,,(sand*0.30)+(clay*0.25)+(drainage*0.25)+(organic*0.20),
QC,Montreal,"Nun's Island, Montreal",45.471036,-73.544213,,,,,(sand*0.30)+(clay*0.25)+(drainage*0.25)+(organic*0.20),
QC,Montreal,Old Port of Montreal,45.505000,-73.550830,,,,,(sand*0.30)+(clay*0.25)+(drainage*0.25)+(organic*0.20),
QC,Montreal,Old Port of Montreal - Confinement Cell,45.493272,-73.552467,,,,,(sand*0.30)+(clay*0.25)+(drainage*0.25)+(organic*0.20),
QC,Montreal,Old Port of Montreal - Horloge Basin,45.505000,-73.550830,,,,,(sand*0.30)+(clay*0.25)+(drainage*0.25)+(organic*0.20),
QC,Montreal,"Outdoor Firing Range L-139, ASU LP",45.576000,-73.526000,,,,,(sand*0.30)+(clay*0.25)+(drainage*0.25)+(organic*0.20),
QC,Montreal,Outside Building B,45.514878,-73.660694,,,,,(sand*0.30)+(clay*0.25)+(drainage*0.25)+(organic*0.20),
QC,Montreal,Parcel 1,45.480931,-73.538748,,,,,(sand*0.30)+(clay*0.25)+(drainage*0.25)+(organic*0.20),
QC,Montreal,Parcel 2,45.472620,-73.553790,,,,,(sand*0.30)+(clay*0.25)+(drainage*0.25)+(organic*0.20),
QC,Montreal,Parcel 3,45.472620,-73.553790,,,,,(sand*0.30)+(clay*0.25)+(drainage*0.25)+(organic*0.20),
QC,Montreal,Parcel 4,45.472620,-73.553790,,,,,(sand*0.30)+(clay*0.25)+(drainage*0.25)+(organic*0.20),
QC,Montreal,Parking - South Section (Notre Dame) ASU LP,45.576000,-73.526000,,,,,(sand*0.30)+(clay*0.25)+(drainage*0.25)+(organic*0.20),
QC,Montreal,"Parking at south L-6, ASU LP",45.576000,-73.526000,,,,,(sand*0.30)+(clay*0.25)+(drainage*0.25)+(organic*0.20),
QC,Montreal,Pont Clément,45.475205,-73.541583,,,,,(sand*0.30)+(clay*0.25)+(drainage*0.25)+(organic*0.20),
QC,Montreal,Prairies River at Cheval Blanc Rapids,45.518300,-73.842500,,,,,(sand*0.30)+(clay*0.25)+(drainage*0.25)+(organic*0.20),
QC,Montreal,Putting drain arnd bldg L-42,45.574200,-73.519000,,,,,(sand*0.30)+(clay*0.25)+(drainage*0.25)+(organic*0.20),
QC,Montreal,"Rene-Levesque Boulevard, North of HWY 15, Nun's Island",45.471000,-73.542000,,,,,(sand*0.30)+(clay*0.25)+(drainage*0.25)+(organic*0.20),
QC,Montreal,"Rene-Levesque Boulevard, South of HWY 15, Nun's Island",45.469004,-73.535153,,,,,(sand*0.30)+(clay*0.25)+(drainage*0.25)+(organic*0.20),
QC,Montreal,"Sector Slag Studies, ASU LP",45.576700,-73.521900,,,,,(sand*0.30)+(clay*0.25)+(drainage*0.25)+(organic*0.20),
QC,Montreal,Site 01.1,45.430100,-73.677550,,,,,(sand*0.30)+(clay*0.25)+(drainage*0.25)+(organic*0.20),
QC,Montreal,Site 01.2,45.432098,-73.679543,,,,,(sand*0.30)+(clay*0.25)+(drainage*0.25)+(organic*0.20),
QC,Montreal,Site 01.3,45.430801,-73.670532,,,,,(sand*0.30)+(clay*0.25)+(drainage*0.25)+(organic*0.20),
QC,Montreal,Site 02.1,45.431000,-73.666191,,,,,(sand*0.30)+(clay*0.25)+(drainage*0.25)+(organic*0.20),
QC,Montreal,Site 02.2.0,45.431314,-73.668306,,,,,(sand*0.30)+(clay*0.25)+(drainage*0.25)+(organic*0.20),
QC,Montreal,Site 02.3,45.431599,-73.665421,,,,,(sand*0.30)+(clay*0.25)+(drainage*0.25)+(organic*0.20),
QC,Montreal,Site 03.1,45.433498,-73.662918,,,,,(sand*0.30)+(clay*0.25)+(drainage*0.25)+(organic*0.20),
QC,Montreal,Site 03.2.1,45.435001,-73.659882,,,,,(sand*0.30)+(clay*0.25)+(drainage*0.25)+(organic*0.20),
QC,Montreal,Site 03.2.2,45.435600,-73.658173,,,,,(sand*0.30)+(clay*0.25)+(drainage*0.25)+(organic*0.20),
QC,Montreal,Site 03.2.3,45.435200,-73.658836,,,,,(sand*0.30)+(clay*0.25)+(drainage*0.25)+(organic*0.20),
QC,Montreal,Site 03.2.4,45.436100,-73.657227,,,,,(sand*0.30)+(clay*0.25)+(drainage*0.25)+(organic*0.20),
QC,Montreal,Site 03.3,45.432701,-73.662392,,,,,(sand*0.30)+(clay*0.25)+(drainage*0.25)+(organic*0.20),
QC,Montreal,Site 03.4,45.434399,-73.658562,,,,,(sand*0.30)+(clay*0.25)+(drainage*0.25)+(organic*0.20),
QC,Montreal,Site 03.5,45.435398,-73.656387,,,,,(sand*0.30)+(clay*0.25)+(drainage*0.25)+(organic*0.20),
QC,Montreal,Site 04.1.1,45.437500,-73.653458,,,,,(sand*0.30)+(clay*0.25)+(drainage*0.25)+(organic*0.20),
QC,Montreal,Site 04.1.2,45.438599,-73.651550,,,,,(sand*0.30)+(clay*0.25)+(drainage*0.25)+(organic*0.20),
QC,Montreal,Site 04.1.3,45.439499,-73.650681,,,,,(sand*0.30)+(clay*0.25)+(drainage*0.25)+(organic*0.20),
QC,Montreal,Site 04.2.1,45.439800,-73.649078,,,,,(sand*0.30)+(clay*0.25)+(drainage*0.25)+(organic*0.20),
QC,Montreal,Site 04.2.2,45.441002,-73.646759,,,,,(sand*0.30)+(clay*0.25)+(drainage*0.25)+(organic*0.20),
QC,Montreal,Site 04.2.3,45.441101,-73.646309,,,,,(sand*0.30)+(clay*0.25)+(drainage*0.25)+(organic*0.20),
QC,Montreal,Site 04.3,45.440800,-73.650078,,,,,(sand*0.30)+(clay*0.25)+(drainage*0.25)+(organic*0.20),
QC,Montreal,Site 04.4,45.435101,-73.656960,,,,,(sand*0.30)+(clay*0.25)+(drainage*0.25)+(organic*0.20),
QC,Montreal,Site 04.5,45.436798,-73.652908,,,,,(sand*0.30)+(clay*0.25)+(drainage*0.25)+(organic*0.20),
QC,Montreal,Site 04.6,45.437801,-73.652618,,,,,(sand*0.30)+(clay*0.25)+(drainage*0.25)+(organic*0.20),
QC,Montreal,Site 04.7,45.441601,-73.644951,,,,,(sand*0.30)+(clay*0.25)+(drainage*0.25)+(organic*0.20),
QC,Montreal,Site 05.1,45.442101,-73.643867,,,,,(sand*0.30)+(clay*0.25)+(drainage*0.25)+(organic*0.20),
QC,Montreal,Site 05.2,45.441299,-73.644241,,,,,(sand*0.30)+(clay*0.25)+(drainage*0.25)+(organic*0.20),
QC,Montreal,Site 05.4,45.439400,-73.647987,,,,,(sand*0.30)+(clay*0.25)+(drainage*0.25)+(organic*0.20),
QC,Montreal,Site 06.1,45.444199,-73.638519,,,,,(sand*0.30)+(clay*0.25)+(drainage*0.25)+(organic*0.20),
QC,Montreal,Site 06.2,45.443600,-73.638023,,,,,(sand*0.30)+(clay*0.25)+(drainage*0.25)+(organic*0.20),
QC,Montreal,Site 07.1 (north deposit site),45.448101,-73.630096,,,,,(sand*0.30)+(clay*0.25)+(drainage*0.25)+(organic*0.20),
QC,Montreal,Site 07.2,45.448200,-73.629692,,,,,(sand*0.30)+(clay*0.25)+(drainage*0.25)+(organic*0.20),
QC,Montreal,Site 07.3,45.448299,-73.628464,,,,,(sand*0.30)+(clay*0.25)+(drainage*0.25)+(organic*0.20),
QC,Montreal,Site 08.1,45.452900,-73.624130,,,,,(sand*0.30)+(clay*0.25)+(drainage*0.25)+(organic*0.20),
QC,Montreal,Site 08.2,45.453098,-73.622353,,,,,(sand*0.30)+(clay*0.25)+(drainage*0.25)+(organic*0.20),
QC,Montreal,Site 08.3,45.453899,-73.621231,,,,,(sand*0.30)+(clay*0.25)+(drainage*0.25)+(organic*0.20),
QC,Montreal,Site 08.5,45.457001,-73.615753,,,,,(sand*0.30)+(clay*0.25)+(drainage*0.25)+(organic*0.20),
QC,Montreal,Site 08.6  (north deposit site),45.457199,-73.616791,,,,,(sand*0.30)+(clay*0.25)+(drainage*0.25)+(organic*0.20),
QC,Montreal,Site 09.1 (North deposit site),45.460800,-73.606178,,,,,(sand*0.30)+(clay*0.25)+(drainage*0.25)+(organic*0.20),
QC,Montreal,Site 09.2,45.460602,-73.606361,,,,,(sand*0.30)+(clay*0.25)+(drainage*0.25)+(organic*0.20),
QC,Montreal,Site 09.3.1,45.462200,-73.600121,,,,,(sand*0.30)+(clay*0.25)+(drainage*0.25)+(organic*0.20),
QC,Montreal,Site 09.3.2,45.461300,-73.602280,,,,,(sand*0.30)+(clay*0.25)+(drainage*0.25)+(organic*0.20),
QC,Montreal,Site 09.3.3,45.460400,-73.604538,,,,,(sand*0.30)+(clay*0.25)+(drainage*0.25)+(organic*0.20),
QC,Montreal,Site 09.4,45.458500,-73.610580,,,,,(sand*0.30)+(clay*0.25)+(drainage*0.25)+(organic*0.20),
QC,Montreal,Site 1.2.1,45.431400,-73.672500,,,,,(sand*0.30)+(clay*0.25)+(drainage*0.25)+(organic*0.20),
QC,Montreal,Site 10.1,45.463299,-73.597809,,,,,(sand*0.30)+(clay*0.25)+(drainage*0.25)+(organic*0.20),
QC,Montreal,Site 10.2,45.462800,-73.598760,,,,,(sand*0.30)+(clay*0.25)+(drainage*0.25)+(organic*0.20),
QC,Montreal,Site 10.3,45.463402,-73.599159,,,,,(sand*0.30)+(clay*0.25)+(drainage*0.25)+(organic*0.20),
QC,Montreal,Site 10.4,45.463699,-73.598396,,,,,(sand*0.30)+(clay*0.25)+(drainage*0.25)+(organic*0.20),
QC,Montreal,Site 10.5,45.464600,-73.597130,,,,,(sand*0.30)+(clay*0.25)+(drainage*0.25)+(organic*0.20),
QC,Montreal,Site 10.6,45.464802,-73.595673,,,,,(sand*0.30)+(clay*0.25)+(drainage*0.25)+(organic*0.20),
QC,Montreal,Site 11.1,45.468102,-73.588188,,,,,(sand*0.30)+(clay*0.25)+(drainage*0.25)+(organic*0.20),
QC,Montreal,Site 11.2,45.467700,-73.589289,,,,,(sand*0.30)+(clay*0.25)+(drainage*0.25)+(organic*0.20),
QC,Montreal,Site 11.3,45.468900,-73.586580,,,,,(sand*0.30)+(clay*0.25)+(drainage*0.25)+(organic*0.20),
QC,Montreal,Site 11.4,45.467304,-73.588348,,,,,(sand*0.30)+(clay*0.25)+(drainage*0.25)+(organic*0.20),
QC,Montreal,Site 11.5,45.470299,-73.584038,,,,,(sand*0.30)+(clay*0.25)+(drainage*0.25)+(organic*0.20),
QC,Montreal,Site 11.6,45.469803,-73.583229,,,,,(sand*0.30)+(clay*0.25)+(drainage*0.25)+(organic*0.20),
QC,Montreal,Site 11.7,45.468300,-73.585808,,,,,(sand*0.30)+(clay*0.25)+(drainage*0.25)+(organic*0.20),
QC,Montreal,Site 12.2,45.472599,-73.581520,,,,,(sand*0.30)+(clay*0.25)+(drainage*0.25)+(organic*0.20),
QC,Montreal,Site 13.1.1,45.472900,-73.579803,,,,,(sand*0.30)+(clay*0.25)+(drainage*0.25)+(organic*0.20),
QC,Montreal,Site 13.1.2,45.473701,-73.579208,,,,,(sand*0.30)+(clay*0.25)+(drainage*0.25)+(organic*0.20),
QC,Montreal,Site 13.1.3,45.477001,-73.575653,,,,,(sand*0.30)+(clay*0.25)+(drainage*0.25)+(organic*0.20),
QC,Montreal,Site 13.10,45.484100,-73.567192,,,,,(sand*0.30)+(clay*0.25)+(drainage*0.25)+(organic*0.20),
QC,Montreal,Site 13.11,45.485298,-73.565353,,,,,(sand*0.30)+(clay*0.25)+(drainage*0.25)+(organic*0.20),
QC,Montreal,Site 13.2,45.477402,-73.576820,,,,,(sand*0.30)+(clay*0.25)+(drainage*0.25)+(organic*0.20),
QC,Montreal,Site 13.3,45.483822,-73.569274,,,,,(sand*0.30)+(clay*0.25)+(drainage*0.25)+(organic*0.20),
QC,Montreal,Site 13.4,45.476898,-73.576141,,,,,(sand*0.30)+(clay*0.25)+(drainage*0.25)+(organic*0.20),
QC,Montreal,Site 13.5,45.478901,-73.573639,,,,,(sand*0.30)+(clay*0.25)+(drainage*0.25)+(organic*0.20),
QC,Montreal,Site 13.6,45.481201,-73.570862,,,,,(sand*0.30)+(clay*0.25)+(drainage*0.25)+(organic*0.20),
QC,Montreal,Site 13.7,45.480701,-73.571953,,,,,(sand*0.30)+(clay*0.25)+(drainage*0.25)+(organic*0.20),
QC,Montreal,Site 13.8,45.482498,-73.569283,,,,,(sand*0.30)+(clay*0.25)+(drainage*0.25)+(organic*0.20),
QC,Montreal,Site 13.9,45.483398,-73.568230,,,,,(sand*0.30)+(clay*0.25)+(drainage*0.25)+(organic*0.20),
QC,Montreal,Site 14.1.1,45.484600,-73.568130,,,,,(sand*0.30)+(clay*0.25)+(drainage*0.25)+(organic*0.20),
QC,Montreal,Site 14.2,45.486198,-73.565140,,,,,(sand*0.30)+(clay*0.25)+(drainage*0.25)+(organic*0.20),
QC,Montreal,Site 14.3,45.488300,-73.561699,,,,,(sand*0.30)+(clay*0.25)+(drainage*0.25)+(organic*0.20),
QC,Montreal,Site 14.4,45.486801,-73.562759,,,,,(sand*0.30)+(clay*0.25)+(drainage*0.25)+(organic*0.20),
QC,Montreal,Site 14.7,45.488201,-73.560410,,,,,(sand*0.30)+(clay*0.25)+(drainage*0.25)+(organic*0.20),
QC,Montreal,Site 15.1,45.489899,-73.559280,,,,,(sand*0.30)+(clay*0.25)+(drainage*0.25)+(organic*0.20),
QC,Montreal,Site 15.2,45.489799,-73.557060,,,,,(sand*0.30)+(clay*0.25)+(drainage*0.25)+(organic*0.20),
QC,Montreal,Site 15.4,45.490799,-73.554268,,,,,(sand*0.30)+(clay*0.25)+(drainage*0.25)+(organic*0.20),
QC,Montreal,Site 15.5,45.490299,-73.551117,,,,,(sand*0.30)+(clay*0.25)+(drainage*0.25)+(organic*0.20),
QC,Montreal,Site 15.6,45.490601,-73.557579,,,,,(sand*0.30)+(clay*0.25)+(drainage*0.25)+(organic*0.20),
QC,Montreal,Site 15.7,45.490799,-73.552757,,,,,(sand*0.30)+(clay*0.25)+(drainage*0.25)+(organic*0.20),
QC,Montreal,Site 16.1 Peel Basin,45.492100,-73.554832,,,,,(sand*0.30)+(clay*0.25)+(drainage*0.25)+(organic*0.20),
QC,Montreal,Site 8.4,45.457100,-73.614342,,,,,(sand*0.30)+(clay*0.25)+(drainage*0.25)+(organic*0.20),
QC,Montreal,Site 9.1.1,45.461464,-73.604558,,,,,(sand*0.30)+(clay*0.25)+(drainage*0.25)+(organic*0.20),
QC,Montreal,Site H,45.468865,-73.747621,,,,,(sand*0.30)+(clay*0.25)+(drainage*0.25)+(organic*0.20),
QC,Montreal,Soil assessment building 166,45.576100,-73.531700,,,,,(sand*0.30)+(clay*0.25)+(drainage*0.25)+(organic*0.20),
QC,Montreal,St-Grégoire Armoury,45.532600,-73.590900,,,,,(sand*0.30)+(clay*0.25)+(drainage*0.25)+(organic*0.20),
QC,Montreal,Technoparc (industrial park) - Saint-Laurent,45.489983,-73.758774,,,,,(sand*0.30)+(clay*0.25)+(drainage*0.25)+(organic*0.20),
QC,Montreal,Test banch building 15,45.574500,-73.522600,,,,,(sand*0.30)+(clay*0.25)+(drainage*0.25)+(organic*0.20),
QC,Montreal,Tétreaultville - front range light,45.597380,-73.510540,,,,,(sand*0.30)+(clay*0.25)+(drainage*0.25)+(organic*0.20),
QC,Montreal,Underground infrastructure replacement - Montréal Garrison,45.575800,-73.525800,,,,,(sand*0.30)+(clay*0.25)+(drainage*0.25)+(organic*0.20),
QC,Montreal,"Used snow sites, ASU LP",45.579700,-73.527800,,,,,(sand*0.30)+(clay*0.25)+(drainage*0.25)+(organic*0.20),
QC,Montreal,Vacant site (lot 12) -firefighter training site No. 2,45.468865,-73.747621,,,,,(sand*0.30)+(clay*0.25)+(drainage*0.25)+(organic*0.20),
QC,Montreal,"Wellington Street, North of HWY 15, Montreal",45.473453,-73.562516,,,,,(sand*0.30)+(clay*0.25)+(drainage*0.25)+(organic*0.20),
